code,name,median age,population density,population density deciles,Age 0 to 15,Age 65 plus,Age 85 plus,Working age 16 to 64,Old Age Dependency Ratio,Dependency Ratio
E06000001,Hartlepool,41.7,996,7,19.2,19.4,2.5,61.4,31.7,63.0
E06000002,Middlesbrough,36.3,2611,9,21.1,16.4,2.0,62.5,26.2,59.9
E06000003,Redcar and Cleveland,45.2,560,5,18.1,22.6,2.7,59.3,38.2,68.6
E06000004,Stockton-on-Tees,40.7,963,6,20.0,18.5,2.3,61.6,30.0,62.4
E06000005,Darlington,43.2,542,5,18.9,20.5,2.7,60.6,33.9,65.1
E06000006,Halton,40.9,1638,8,20.0,18.4,1.9,61.6,29.9,62.4
E06000007,Warrington,42.3,1160,7,18.9,18.9,2.2,62.2,30.3,60.6
E06000008,Blackburn with Darwen,36.5,1093,7,23.1,14.5,1.6,62.4,23.3,60.4
E06000009,Blackpool,43.4,3984,9,18.8,20.4,2.6,60.8,33.6,64.6
E06000010,"Kingston upon Hull, City of",35.8,3659,9,20.1,15.1,1.8,64.8,23.4,54.4
E06000011,East Riding of Yorkshire,49.2,142,2,16.4,26.2,3.2,57.4,45.6,74.2
E06000012,North East Lincolnshire,42.6,831,6,19.5,20.6,2.8,59.9,34.4,66.8
E06000013,North Lincolnshire,44.3,204,3,18.5,21.3,2.6,60.2,35.4,66.2
E06000014,York,37.7,774,6,15.6,18.4,2.6,66.0,27.9,51.5
E06000015,Derby,37,3299,9,21.0,16.5,2.5,62.6,26.3,59.9
E06000016,Leicester,31.6,4852,10,21.5,12.2,1.7,66.4,18.3,50.7
E06000017,Rutland,47.6,105,2,16.9,25.5,3.4,57.6,44.2,73.6
E06000018,Nottingham,29.7,4439,10,18.8,11.6,1.7,69.6,16.7,43.7
E06000019,"Herefordshire, County of",47.4,88,1,16.7,24.7,3.3,58.6,42.2,70.8
E06000020,Telford and Wrekin,39.5,620,6,20.6,17.3,1.8,62.1,27.8,61.0
E06000021,Stoke-on-Trent,37.8,2757,9,20.5,17.2,2.0,62.3,27.6,60.5
E06000022,Bath and North East Somerset,38.2,559,5,16.7,19.0,2.8,64.3,29.5,55.6
E06000023,"Bristol, City of",32.4,4213,9,18.5,13.0,2.0,68.5,19.0,46.1
E06000024,North Somerset,46,575,6,18.2,24.0,3.4,57.8,41.5,73.0
E06000025,South Gloucestershire,40.6,574,6,18.8,18.8,2.6,62.4,30.2,60.2
E06000026,Plymouth,38.6,3276,9,18.2,18.5,2.5,63.3,29.3,58.0
E06000027,Torbay,49.1,2163,8,16.8,26.9,3.8,56.4,47.7,77.5
E06000030,Swindon,40.1,966,7,20.5,16.3,2.1,63.2,25.7,58.2
E06000031,Peterborough,36.7,590,6,23.4,14.9,2.1,61.7,24.1,62.0
E06000032,Luton,34.6,4955,10,24.5,12.6,1.8,62.9,20.1,59.0
E06000033,Southend-on-Sea,41.8,4360,10,19.6,19.5,3.0,60.9,31.9,64.1
E06000034,Thurrock,36.9,1070,7,23.3,13.8,1.6,62.9,22.0,59.1
E06000035,Medway,38.2,1436,7,21.0,16.1,1.8,62.9,25.6,58.9
E06000036,Bracknell Forest,39.3,1124,7,20.7,14.7,1.8,64.6,22.7,54.7
E06000037,West Berkshire,43.5,225,3,19.9,19.3,2.4,60.8,31.7,64.5
E06000038,Reading,34.8,4045,9,20.9,12.5,1.8,66.6,18.8,50.2
E06000039,Slough,35,4531,10,26.4,10.2,1.3,63.4,16.0,57.6
E06000040,Windsor and Maidenhead,42.3,769,6,20.3,18.8,3.0,60.9,30.8,64.2
E06000041,Wokingham,41.6,956,6,21.2,17.6,2.5,61.2,28.8,63.5
E06000042,Milton Keynes,38,872,6,23.2,14.2,1.6,62.6,22.6,59.6
E06000043,Brighton and Hove,35.3,3505,9,15.4,13.4,2.1,71.2,18.7,40.4
E06000044,Portsmouth,34.1,5373,10,18.4,14.2,2.0,67.4,21.0,48.4
E06000045,Southampton,32.3,5050,10,18.5,13.4,1.9,68.1,19.7,46.9
E06000046,Isle of Wight,50.6,373,4,15.5,28.3,3.8,56.1,50.5,78.2
E06000047,County Durham,43.4,238,3,17.2,20.8,2.4,62.0,33.6,61.4
E06000049,Cheshire East,46.4,329,4,18.0,23.0,3.2,59.0,38.9,69.4
E06000050,Cheshire West and Chester,44.5,374,4,18.0,21.6,2.8,60.4,35.8,65.6
E06000051,Shropshire,47.8,101,2,16.4,24.7,3.2,58.9,41.9,69.8
E06000052,Cornwall,47.6,161,3,17.0,25.0,3.1,58.0,43.2,72.5
E06000053,Isles of Scilly,48.2,139,2,14.3,26.1,4.0,59.6,43.7,67.7
E06000054,Wiltshire,44.9,154,2,18.9,21.7,3.0,59.4,36.5,68.4
E06000055,Bedford,40.5,364,4,21.1,17.8,2.6,61.1,29.2,63.7
E06000056,Central Bedfordshire,41.1,403,5,19.9,17.9,2.2,62.2,28.9,60.9
E06000057,Northumberland,48.4,64,1,16.3,24.7,3.0,59.0,41.9,69.5
E06000058,"Bournemouth, Christchurch and Poole",42.7,2455,8,17.2,21.8,3.6,60.9,35.8,64.1
E06000059,Dorset,51,152,2,15.8,29.1,4.1,55.1,52.7,81.3
E06000060,Buckinghamshire,42.2,348,4,20.7,18.9,2.8,60.4,31.3,65.6
E07000008,Cambridge,30.3,3044,9,17.4,13.1,2.2,69.5,18.9,43.9
E07000009,East Cambridgeshire,43.4,138,2,19.7,20.4,2.7,59.9,34.1,66.9
E07000010,Fenland,45,187,3,17.9,23.0,3.2,59.1,39.0,69.3
E07000011,Huntingdonshire,43.5,196,3,18.5,20.2,2.5,61.3,32.9,63.0
E07000012,South Cambridgeshire,43.1,176,3,20.1,19.6,2.7,60.3,32.5,65.9
E07000026,Allerdale,48.3,79,1,16.4,24.7,3.2,58.9,42.0,69.9
E07000027,Barrow-in-Furness,45,860,6,17.6,21.8,2.4,60.7,35.9,64.8
E07000028,Carlisle,45.1,105,2,17.8,21.9,2.9,60.3,36.4,65.9
E07000029,Copeland,47.1,93,1,16.8,22.7,2.6,60.4,37.6,65.5
E07000030,Eden,50.8,25,1,15.1,27.0,3.6,57.9,46.5,72.6
E07000031,South Lakeland,51.3,69,1,14.8,28.5,4.1,56.7,50.2,76.4
E07000032,Amber Valley,46.1,484,5,16.8,22.2,2.7,61.0,36.4,64.0
E07000033,Bolsover,44,504,5,17.7,20.1,2.3,62.2,32.3,60.9
E07000034,Chesterfield,44.6,1589,8,17.0,21.2,2.8,61.8,34.3,61.9
E07000035,Derbyshire Dales,51.1,91,1,15.0,27.2,3.4,57.8,47.1,73.0
E07000036,Erewash,43.9,1049,7,17.9,20.6,2.9,61.5,33.4,62.5
E07000037,High Peak,46.1,172,3,17.1,21.3,2.5,61.6,34.6,62.3
E07000038,North East Derbyshire,47.9,368,4,16.4,24.8,2.8,58.8,42.2,70.0
E07000039,South Derbyshire,42,317,4,18.8,18.4,2.1,62.9,29.2,59.1
E07000040,East Devon,51.2,180,3,16.0,30.4,4.7,53.7,56.6,86.4
E07000041,Exeter,33.6,2796,9,15.5,16.0,2.6,68.4,23.4,46.1
E07000042,Mid Devon,46.7,90,1,18.4,23.5,3.1,58.1,40.6,72.2
E07000043,North Devon,48,89,1,17.4,25.3,3.4,57.4,44.0,74.3
E07000044,South Hams,51.5,98,2,15.8,28.3,3.5,56.0,50.5,78.7
E07000045,Teignbridge,49.4,199,3,16.2,26.6,3.8,57.2,46.5,74.9
E07000046,Torridge,50.7,69,1,16.0,27.7,3.4,56.3,49.3,77.7
E07000047,West Devon,51.3,48,1,15.9,28.0,3.7,56.1,49.9,78.3
E07000061,Eastbourne,45.8,2358,8,17.3,25.1,4.4,57.6,43.5,73.5
E07000062,Hastings,43.4,3089,9,18.5,20.3,2.8,61.1,33.3,63.5
E07000063,Lewes,48,354,4,17.1,25.8,4.1,57.0,45.3,75.3
E07000064,Rother,53.1,189,3,15.0,32.1,4.8,52.8,60.9,89.4
E07000065,Wealden,49,194,3,17.1,26.1,3.7,56.8,45.9,75.9
E07000066,Basildon,39.3,1702,8,21.1,17.2,2.3,61.7,27.9,62.2
E07000067,Braintree,43.6,249,4,19.2,20.4,2.6,60.4,33.7,65.5
E07000068,Brentwood,43.3,503,5,18.7,20.4,3.4,60.9,33.4,64.2
E07000069,Castle Point,46.9,2008,8,17.1,25.4,3.0,57.5,44.1,73.8
E07000070,Chelmsford,41.6,526,5,19.1,19.2,2.7,61.6,31.2,62.2
E07000071,Colchester,37.8,592,6,18.8,17.3,2.2,63.9,27.0,56.4
E07000072,Epping Forest,42.7,388,5,19.1,19.7,3.0,61.3,32.2,63.3
E07000073,Harlow,37.5,2809,9,22.7,15.4,2.4,61.9,24.9,61.6
E07000074,Maldon,49.2,181,3,16.3,25.3,3.0,58.3,43.4,71.4
E07000075,Rochford,46.2,517,5,17.3,23.2,3.0,59.5,39.0,68.0
E07000076,Tendring,50.8,434,5,16.4,29.8,4.0,53.7,55.5,86.1
E07000077,Uttlesford,43.9,142,2,19.9,19.6,2.8,60.5,32.5,65.3
E07000078,Cheltenham,40.7,2475,8,17.7,19.7,3.1,62.6,31.5,59.8
E07000079,Cotswold,49.1,77,1,16.5,25.9,3.6,57.6,44.9,73.5
E07000080,Forest of Dean,48.2,165,3,16.5,24.7,2.9,58.8,42.0,70.0
E07000081,Gloucester,39.2,3149,9,20.1,16.9,2.3,63.0,26.8,58.7
E07000082,Stroud,46.7,260,4,17.9,22.6,2.8,59.5,38.0,67.9
E07000083,Tewkesbury,44.5,230,3,18.8,22.1,2.9,59.1,37.4,69.2
E07000084,Basingstoke and Deane,41.3,279,4,20.0,17.5,2.1,62.4,28.1,60.2
E07000085,East Hampshire,47.1,238,3,18.1,23.4,3.4,58.5,40.0,70.9
E07000086,Eastleigh,42.1,1670,8,19.3,19.6,2.8,61.1,32.1,63.7
E07000087,Fareham,46.7,1571,7,16.8,23.7,3.5,59.5,39.8,68.0
E07000088,Gosport,42.7,3394,9,18.4,20.4,2.8,61.2,33.4,63.5
E07000089,Hart,43.7,452,5,20.0,19.9,2.7,60.2,33.0,66.2
E07000090,Havant,45.9,2295,8,17.7,23.5,3.5,58.7,40.1,70.3
E07000091,New Forest,50.8,239,4,15.8,29.3,4.8,54.9,53.3,82.0
E07000092,Rushmoor,38.8,2426,8,20.1,14.9,1.9,65.0,22.9,53.8
E07000093,Test Valley,45,201,3,18.8,21.7,2.9,59.5,36.5,68.1
E07000094,Winchester,43.7,189,3,18.5,21.4,3.3,60.1,35.6,66.4
E07000095,Broxbourne,40.2,1907,8,20.5,17.9,2.5,61.7,28.9,62.2
E07000096,Dacorum,40.7,730,6,20.5,17.3,2.7,62.1,27.9,60.9
E07000098,Hertsmere,40.9,1039,7,21.4,18.4,2.9,60.2,30.5,66.0
E07000099,North Hertfordshire,42.2,356,4,19.7,19.2,2.9,61.1,31.4,63.7
E07000102,Three Rivers,41.8,1049,7,20.5,18.2,2.8,61.3,29.7,63.2
E07000103,Watford,37,4599,10,22.3,13.3,2.0,64.4,20.7,55.3
E07000105,Ashford,42,224,3,20.7,19.4,2.4,59.9,32.5,66.9
E07000106,Canterbury,38.2,535,5,15.9,20.6,3.1,63.5,32.5,57.5
E07000107,Dartford,37.3,1543,7,22.5,14.1,2.1,63.4,22.2,57.8
E07000108,Dover,46.6,375,4,17.5,23.5,3.0,58.9,39.9,69.7
E07000109,Gravesham,39.7,1080,7,21.4,17.4,2.4,61.3,28.3,63.3
E07000110,Maidstone,41.4,437,5,20.0,19.2,2.6,60.8,31.6,64.4
E07000111,Sevenoaks,44.3,327,4,20.2,21.6,3.2,58.2,37.2,71.9
E07000112,Folkestone and Hythe,47.3,317,4,16.9,24.8,3.4,58.3,42.6,71.6
E07000113,Swale,41.1,401,5,20.3,19.2,2.2,60.5,31.8,65.4
E07000114,Thanet,45.1,1378,7,18.9,23.8,3.1,57.3,41.6,74.6
E07000115,Tonbridge and Malling,42.2,551,5,20.5,18.8,2.4,60.7,31.1,64.8
E07000116,Tunbridge Wells,43.2,359,4,20.2,19.4,3.2,60.4,32.1,65.5
E07000117,Burnley,40,801,6,21.0,18.7,2.3,60.2,31.1,66.1
E07000118,Chorley,43.5,582,6,18.5,20.0,2.1,61.6,32.4,62.4
E07000119,Fylde,50.5,487,5,15.6,27.6,3.9,56.9,48.5,75.9
E07000120,Hyndburn,39.8,1110,7,20.8,18.5,2.1,60.7,30.5,64.8
E07000121,Lancaster,39.5,254,4,16.8,19.9,2.6,63.2,31.5,58.1
E07000122,Pendle,39.7,545,5,21.2,18.7,2.3,60.2,31.1,66.2
E07000123,Preston,35.3,1008,7,20.5,14.7,1.9,64.8,22.8,54.3
E07000124,Ribble Valley,48.1,104,2,16.9,23.7,3.2,59.4,40.0,68.5
E07000125,Rossendale,42.5,518,5,19.6,18.7,2.2,61.6,30.4,62.2
E07000126,South Ribble,44.6,980,7,18.2,21.5,2.5,60.3,35.6,65.8
E07000127,West Lancashire,44.6,329,4,17.3,22.1,2.8,60.6,36.6,65.1
E07000128,Wyre,49.9,397,5,15.8,27.8,3.7,56.5,49.2,77.1
E07000129,Blaby,42.9,781,6,19.1,20.3,2.7,60.6,33.6,65.1
E07000130,Charnwood,38.4,666,6,17.0,18.1,2.4,64.9,28.0,54.1
E07000131,Harborough,46.2,158,3,18.3,21.9,2.8,59.7,36.7,67.5
E07000132,Hinckley and Bosworth,45.1,381,5,17.8,22.1,2.6,60.1,36.7,66.4
E07000133,Melton,47.6,106,2,17.6,23.1,2.8,59.4,38.8,68.4
E07000134,North West Leicestershire,43.9,371,4,18.3,20.1,2.3,61.6,32.5,62.3
E07000135,Oadby and Wigston,42.6,2376,8,18.4,21.7,3.8,59.9,36.2,67.0
E07000136,Boston,41.9,192,3,19.3,20.9,2.7,59.8,35.0,67.2
E07000137,East Lindsey,52.4,80,1,15.2,30.0,3.4,54.7,54.8,82.7
E07000138,Lincoln,33.4,2758,9,16.6,15.4,2.3,68.1,22.6,46.9
E07000139,North Kesteven,46.3,127,2,17.4,23.6,2.8,59.0,40.0,69.6
E07000140,South Holland,46.4,127,2,17.6,24.2,3.3,58.2,41.7,71.9
E07000141,South Kesteven,46.5,151,2,18.4,23.2,2.9,58.5,39.6,71.0
E07000142,West Lindsey,48.2,83,1,17.2,24.8,2.8,58.0,42.8,72.5
E07000143,Breckland,46.8,107,2,17.4,25.1,3.5,57.5,43.7,73.9
E07000144,Broadland,48.1,237,3,16.4,25.8,3.6,57.7,44.7,73.2
E07000145,Great Yarmouth,45.9,571,6,17.9,24.4,3.2,57.7,42.4,73.4
E07000146,King's Lynn and West Norfolk,47.9,105,2,17.6,26.2,3.4,56.2,46.6,77.9
E07000147,North Norfolk,54.3,109,2,13.8,33.2,4.8,53.0,62.6,88.7
E07000148,Norwich,33.5,3604,9,16.9,15.1,2.4,68.0,22.2,47.1
E07000149,South Norfolk,46.2,155,2,18.1,24.0,3.3,57.9,41.5,72.8
E07000150,Corby,37.5,903,6,22.5,14.2,1.5,63.3,22.4,58.0
E07000151,Daventry,45,130,2,18.6,20.6,2.3,60.8,33.8,64.4
E07000152,East Northamptonshire,44.8,185,3,18.9,21.2,2.7,59.9,35.4,67.0
E07000153,Kettering,41.2,437,5,20.6,18.7,2.3,60.7,30.8,64.7
E07000154,Northampton,37.6,2773,9,21.8,15.5,2.0,62.6,24.8,59.6
E07000155,South Northamptonshire,45.1,149,2,19.1,20.4,2.4,60.5,33.8,65.3
E07000156,Wellingborough,42,489,5,20.8,19.5,2.3,59.7,32.7,67.5
E07000163,Craven,50.6,49,1,15.6,27.3,3.9,57.1,47.8,75.1
E07000164,Hambleton,49.9,70,1,16.0,26.5,3.4,57.5,46.0,73.8
E07000165,Harrogate,47.5,123,2,17.7,23.6,3.6,58.8,40.1,70.2
E07000166,Richmondshire,44,41,1,16.4,21.4,2.5,62.2,34.3,60.7
E07000167,Ryedale,50.4,37,1,15.6,27.0,3.6,57.4,47.1,74.4
E07000168,Scarborough,50.1,133,2,16.0,27.5,3.5,56.5,48.8,77.1
E07000169,Selby,44.5,151,2,18.4,20.4,2.3,61.1,33.4,63.6
E07000170,Ashfield,41.9,1163,7,18.9,19.4,2.2,61.7,31.4,62.0
E07000171,Bassetlaw,45.7,184,3,17.9,22.2,2.7,59.9,37.0,67.0
E07000172,Broxtowe,43.1,1425,7,17.1,21.1,2.8,61.8,34.2,61.9
E07000173,Gedling,44.1,982,7,17.9,21.1,2.6,61.0,34.5,63.9
E07000174,Mansfield,42.1,1420,7,18.9,19.4,2.4,61.7,31.5,62.2
E07000175,Newark and Sherwood,45.4,188,3,18.0,22.1,2.7,59.9,36.9,66.9
E07000176,Rushcliffe,43.9,291,4,18.5,21.2,3.1,60.4,35.0,65.6
E07000177,Cherwell,41.2,256,4,20.1,18.3,2.5,61.7,29.6,62.2
E07000178,Oxford,28.9,3314,9,17.8,12.5,2.0,69.7,17.9,43.5
E07000179,South Oxfordshire,44.4,209,3,19.2,21.1,2.9,59.7,35.4,67.6
E07000180,Vale of White Horse,42.5,235,3,19.3,20.2,2.9,60.5,33.4,65.2
E07000181,West Oxfordshire,44.7,155,2,18.5,21.8,3.3,59.7,36.6,67.5
E07000187,Mendip,47,156,2,18.0,23.5,3.2,58.4,40.3,71.2
E07000188,Sedgemoor,46.9,218,3,17.9,23.9,3.2,58.2,41.1,71.8
E07000189,South Somerset,47.7,176,3,17.6,25.6,3.5,56.8,45.1,76.0
E07000192,Cannock Chase,42.6,1275,7,17.9,19.2,2.3,62.9,30.5,59.0
E07000193,East Staffordshire,41.9,309,4,19.5,19.3,2.5,61.2,31.5,63.3
E07000194,Lichfield,46.6,316,4,17.1,24.0,2.9,58.8,40.9,69.9
E07000195,Newcastle-under-Lyme,41.9,613,6,16.2,20.7,2.8,63.1,32.8,58.4
E07000196,South Staffordshire,48,276,4,15.6,24.7,3.0,59.7,41.3,67.4
E07000197,Stafford,45.4,230,3,17.1,22.5,2.8,60.4,37.2,65.6
E07000198,Staffordshire Moorlands,48.6,171,3,16.0,25.2,2.9,58.8,42.9,70.1
E07000199,Tamworth,41.3,2474,8,19.4,19.1,2.0,61.5,31.0,62.5
E07000200,Babergh,48.8,155,2,17.0,26.3,3.6,56.7,46.4,76.4
E07000202,Ipswich,38.2,3423,9,20.4,16.8,2.5,62.8,26.8,59.3
E07000203,Mid Suffolk,47.8,119,2,16.7,24.6,3.1,58.6,42.0,70.5
E07000207,Elmbridge,43,1440,7,22.4,18.5,3.1,59.1,31.4,69.3
E07000208,Epsom and Ewell,41.5,2371,8,20.9,18.3,2.6,60.8,30.0,64.4
E07000209,Guildford,37.4,550,5,17.6,16.6,2.5,65.8,25.3,52.1
E07000210,Mole Valley,47.5,338,4,17.8,23.7,3.8,58.5,40.4,70.8
E07000211,Reigate and Banstead,41.5,1153,7,20.7,18.2,3.0,61.1,29.8,63.6
E07000212,Runnymede,37.7,1146,7,17.4,16.9,2.7,65.7,25.8,52.3
E07000213,Spelthorne,41.8,2219,8,19.8,18.6,2.7,61.7,30.1,62.1
E07000214,Surrey Heath,43.9,940,6,19.2,19.7,3.0,61.1,32.2,63.6
E07000215,Tandridge,44.3,355,4,19.4,20.9,3.3,59.6,35.1,67.7
E07000216,Waverley,45,366,4,19.9,22.3,3.8,57.8,38.5,73.0
E07000217,Woking,41.1,1575,7,21.6,17.3,2.8,61.1,28.4,63.7
E07000218,North Warwickshire,45.6,230,3,17.4,21.9,2.7,60.7,36.0,64.8
E07000219,Nuneaton and Bedworth,41.3,1644,8,19.7,19.3,2.2,61.0,31.6,63.9
E07000220,Rugby,41.2,310,4,20.2,19.0,2.6,60.7,31.3,64.6
E07000221,Stratford-on-Avon,48.2,133,2,16.8,25.5,3.6,57.8,44.1,73.1
E07000222,Warwick,39.7,508,5,17.2,18.8,2.8,64.0,29.4,56.4
E07000223,Adur,45.7,1531,7,18.5,23.5,3.4,58.0,40.6,72.5
E07000224,Arun,49.7,727,6,16.1,28.9,4.3,55.0,52.5,81.8
E07000225,Chichester,49.3,154,2,16.5,27.4,4.3,56.0,48.9,78.4
E07000226,Crawley,37.5,2498,8,22.0,13.6,2.1,64.4,21.1,55.3
E07000227,Horsham,46.3,271,4,18.2,22.8,3.3,59.0,38.7,69.5
E07000228,Mid Sussex,43.8,452,5,19.7,20.6,3.1,59.8,34.4,67.3
E07000229,Worthing,45.2,3351,9,17.8,22.6,3.7,59.6,37.9,67.7
E07000234,Bromsgrove,45.5,460,5,18.4,22.7,3.4,59.0,38.4,69.6
E07000235,Malvern Hills,50.8,136,2,16.0,28.2,4.1,55.8,50.5,79.1
E07000236,Redditch,40.2,1579,7,20.1,18.5,2.0,61.4,30.1,62.9
E07000237,Worcester,38.7,3067,9,18.4,17.3,2.3,64.3,27.0,55.6
E07000238,Wychavon,48.2,195,3,17.1,25.1,3.4,57.8,43.5,73.1
E07000239,Wyre Forest,46.8,519,5,17.3,24.9,3.0,57.8,43.2,73.1
E07000240,St Albans,41.1,922,6,22.4,17.1,2.8,60.5,28.3,65.4
E07000241,Welwyn Hatfield,35.7,946,6,18.8,15.5,2.7,65.6,23.7,52.4
E07000242,East Hertfordshire,42.7,315,4,19.7,18.1,2.5,62.1,29.2,61.0
E07000243,Stevenage,38.3,3379,9,20.8,15.4,2.4,63.8,24.1,56.8
E07000244,East Suffolk,49.3,198,3,16.8,27.5,3.9,55.7,49.3,79.5
E07000245,West Suffolk,41.3,173,3,19.4,21.2,3.1,59.3,35.8,68.5
E07000246,Somerset West and Taunton,47.9,131,2,17.1,25.9,3.9,57.0,45.4,75.4
E08000001,Bolton,38.9,2054,8,21.5,17.3,2.0,61.2,28.3,63.3
E08000002,Bury,40.3,1929,8,20.4,18.3,2.2,61.3,29.9,63.1
E08000003,Manchester,30.1,4766,10,20.2,9.3,1.2,70.5,13.2,41.9
E08000004,Oldham,37.1,1670,8,22.5,16.2,1.9,61.3,26.3,63.0
E08000005,Rochdale,38.1,1408,7,21.7,16.5,2.0,61.9,26.6,61.6
E08000006,Salford,34.8,2668,9,20.3,14.2,1.8,65.6,21.6,52.5
E08000007,Stockport,42.4,2329,8,19.5,20.0,2.8,60.5,33.1,65.3
E08000008,Tameside,40.1,2199,8,20.2,17.7,1.9,62.1,28.4,61.0
E08000009,Trafford,40.7,2239,8,21.3,17.4,2.6,61.3,28.3,63.1
E08000010,Wigan,42.1,1748,8,18.8,19.1,1.9,62.1,30.8,61.1
E08000011,Knowsley,39.5,1734,8,20.2,17.3,2.2,62.5,27.6,60.0
E08000012,Liverpool,34.8,4447,10,17.5,14.8,1.9,67.8,21.8,47.5
E08000013,St. Helens,43,1328,7,18.4,20.6,2.3,61.0,33.8,63.9
E08000014,Sefton,46.5,1783,8,17.5,23.6,3.5,59.0,40.0,69.6
E08000015,Wirral,44.4,2064,8,18.6,21.9,3.0,59.5,36.8,68.1
E08000016,Barnsley,42.4,750,6,18.6,19.5,2.3,61.8,31.5,61.7
E08000017,Doncaster,41.2,549,5,19.3,19.2,2.4,61.5,31.1,62.5
E08000018,Rotherham,41.9,925,6,19.4,19.7,2.4,60.9,32.4,64.3
E08000019,Sheffield,35.4,1589,8,18.1,16.1,2.2,65.8,24.6,52.1
E08000021,Newcastle upon Tyne,32.3,2680,9,17.4,14.5,2.1,68.1,21.2,46.7
E08000022,North Tyneside,43.3,2536,8,18.1,20.3,2.6,61.7,32.8,62.2
E08000023,South Tyneside,43.4,2359,8,17.9,20.3,2.6,61.8,32.8,61.8
E08000024,Sunderland,42.2,2027,8,17.7,19.7,2.3,62.5,31.6,59.9
E08000025,Birmingham,32.6,4261,9,22.7,13.1,1.9,64.3,20.4,55.6
E08000026,Coventry,32.1,3753,9,19.5,13.5,1.9,67.0,20.2,49.2
E08000027,Dudley,42,3282,9,19.4,20.4,2.6,60.2,33.9,66.1
E08000028,Sandwell,36.7,3819,9,22.7,15.0,2.0,62.3,24.1,60.6
E08000029,Solihull,43.1,1216,7,19.7,21.1,3.2,59.2,35.6,68.8
E08000030,Walsall,38.2,2745,9,21.7,17.6,2.3,60.7,28.9,64.7
E08000031,Wolverhampton,37.8,3817,9,21.5,16.7,2.5,61.9,26.9,61.6
E08000032,Bradford,36.5,1475,7,23.7,15.0,2.0,61.3,24.4,63.1
E08000033,Calderdale,42.2,581,6,19.6,18.8,2.3,61.6,30.5,62.3
E08000034,Kirklees,39.7,1075,7,20.4,17.8,2.2,61.9,28.7,61.7
E08000035,Leeds,35.3,1437,7,19.4,15.6,2.0,65.1,23.9,53.7
E08000036,Wakefield,41.6,1027,7,19.2,19.0,2.3,61.8,30.8,61.8
E08000037,Gateshead,41.5,1423,7,17.4,19.7,2.6,63.0,31.2,58.7
E09000001,City of London,38.5,3240,9,15.4,16.9,2.3,67.7,24.9,47.6
E09000002,Barking and Dagenham,32.5,5914,10,27.2,9.3,1.4,63.5,14.6,57.5
E09000003,Barnet,37.4,4550,10,21.4,14.5,2.3,64.2,22.6,55.9
E09000004,Bexley,38.9,4070,9,20.7,16.5,2.6,62.8,26.3,59.2
E09000005,Brent,35.7,7669,10,21.3,12.5,1.7,66.2,18.8,51.0
E09000006,Bromley,40.9,2216,8,20.4,17.5,2.7,62.1,28.2,61.0
E09000007,Camden,34,12274,10,17.5,12.0,1.7,70.5,17.0,41.8
E09000008,Croydon,37.7,4497,10,22.2,13.8,1.9,64.1,21.5,56.0
E09000009,Ealing,37.1,6104,10,21.8,13.1,1.8,65.1,20.2,53.6
E09000010,Enfield,36.4,4121,9,22.8,13.4,1.9,63.8,20.9,56.6
E09000011,Greenwich,35,6126,10,21.9,10.5,1.4,67.5,15.6,48.1
E09000012,Hackney,33.3,14796,10,20.7,7.7,0.9,71.6,10.8,39.6
E09000013,Hammersmith and Fulham,35,11571,10,18.3,11.0,1.4,70.7,15.6,41.4
E09000014,Haringey,35.8,8955,10,20.1,10.4,1.2,69.5,15.0,43.9
E09000015,Harrow,38.3,5023,10,21.3,15.9,2.4,62.8,25.3,59.2
E09000016,Havering,39.2,2317,8,20.3,18.0,2.9,61.7,29.2,62.0
E09000017,Hillingdon,36.3,2645,9,21.9,13.5,1.9,64.6,20.9,54.8
E09000018,Hounslow,36.4,4849,10,21.9,12.3,1.5,65.8,18.7,52.1
E09000019,Islington,31.9,16164,10,15.9,8.9,1.1,75.3,11.8,32.8
E09000020,Kensington and Chelsea,39.9,13011,10,16.8,16.0,2.0,67.1,23.9,49.0
E09000021,Kingston upon Thames,37.4,4797,10,20.2,13.9,2.1,65.8,21.2,51.9
E09000022,Lambeth,33.3,12075,10,17.3,8.4,1.1,74.3,11.4,34.6
E09000023,Lewisham,35.2,8738,10,20.5,9.5,1.3,70.0,13.5,42.8
E09000024,Merton,37.4,5435,10,21.0,12.8,1.8,66.1,19.4,51.2
E09000025,Newham,32.3,9809,10,22.1,7.7,0.9,70.2,11.0,42.5
E09000026,Redbridge,35.8,5450,10,22.4,12.7,1.9,64.8,19.6,54.3
E09000027,Richmond upon Thames,41.1,3474,9,21.0,15.9,2.2,63.1,25.1,58.4
E09000028,Southwark,33.6,10994,10,18.7,8.5,1.1,72.8,11.7,37.3
E09000029,Sutton,39.5,4690,10,21.3,15.3,2.2,63.4,24.2,57.7
E09000030,Tower Hamlets,31.6,16237,10,20.2,6.4,0.8,73.4,8.8,36.3
E09000031,Waltham Forest,35.2,7102,10,21.9,10.8,1.5,67.2,16.1,48.7
E09000032,Wandsworth,34,9696,10,18.0,9.6,1.2,72.4,13.3,38.2
E09000033,Westminster,36.3,12444,10,16.9,12.5,1.7,70.6,17.7,41.6
W06000001,Isle of Anglesey,48.3,99,2,17.2,26.2,3.3,56.6,46.3,76.6
W06000002,Gwynedd,43.2,49,1,16.7,22.8,3.3,60.5,37.7,65.2
W06000003,Conwy,49.9,104,2,16.2,27.9,4.3,55.9,50.0,79.0
W06000004,Denbighshire,46.9,114,2,18.1,24.3,2.8,57.6,42.2,73.6
W06000005,Flintshire,43.9,357,4,18.5,21.2,2.4,60.3,35.2,65.9
W06000006,Wrexham,42.5,270,4,19.2,20.2,2.5,60.6,33.3,65.0
W06000008,Ceredigion,46.7,41,1,15.0,25.4,3.5,59.7,42.5,67.6
W06000009,Pembrokeshire,48.3,78,1,17.0,26.0,3.4,56.9,45.7,75.6
W06000010,Carmarthenshire,46.5,80,1,17.6,23.8,3.0,58.6,40.5,70.6
W06000011,Swansea,39.7,650,6,16.9,19.7,2.7,63.4,31.1,57.8
W06000012,Neath Port Talbot,43.4,325,4,17.5,20.9,2.5,61.5,34.0,62.5
W06000013,Bridgend,42.9,586,6,17.9,20.3,2.3,61.8,32.9,61.8
W06000014,Vale of Glamorgan,43.8,404,5,18.5,21.2,2.6,60.3,35.2,66.0
W06000015,Cardiff,33.6,2602,8,18.4,14.2,2.0,67.4,21.1,48.5
W06000016,Rhondda Cynon Taf,40.6,569,6,18.6,19.3,2.2,62.0,31.2,61.2
W06000018,Caerphilly,41.7,654,6,18.7,19.6,2.1,61.7,31.8,62.1
W06000019,Blaenau Gwent,43.1,641,6,17.5,20.3,2.2,62.2,32.7,60.9
W06000020,Torfaen,42.2,746,6,18.6,20.6,2.7,60.8,33.8,64.5
W06000021,Monmouthshire,49,111,2,16.2,25.3,3.5,58.6,43.1,70.8
W06000022,Newport,38.8,810,6,20.6,17.2,2.2,62.1,27.7,60.9
W06000023,Powys,50.4,26,1,16.0,27.5,3.6,56.6,48.6,76.8
W06000024,Merthyr Tydfil,40.4,543,5,19.2,18.9,2.1,62.0,30.5,61.4
S12000005,Clackmannanshire,44.9,324,4,17.4,20.3,2.0,62.3,32.6,60.4
S12000006,Dumfries and Galloway,49.6,23,1,15.6,25.9,3.1,58.5,44.3,71.0
S12000008,East Ayrshire,44.7,97,1,17.3,20.5,2.2,62.3,32.8,60.5
S12000010,East Lothian,44.6,158,3,18.4,20.3,2.5,61.3,33.1,63.1
S12000011,East Renfrewshire,43.7,549,5,20.4,20.1,2.9,59.5,33.8,68.1
S12000013,Na h-Eileanan Siar,49.5,9,1,15.9,25.8,3.5,58.3,44.3,71.6
S12000014,Falkirk,43.4,542,5,17.5,18.9,2.1,63.6,29.8,57.2
S12000017,Highland,46.6,9,1,16.6,22.5,2.7,60.9,36.9,64.1
S12000018,Inverclyde,46.2,486,5,16.2,21.2,2.7,62.6,33.9,59.8
S12000019,Midlothian,41.6,261,4,19.4,18.8,2.0,61.8,30.4,61.9
S12000020,Moray,45.3,43,1,16.8,21.6,2.7,61.5,35.1,62.5
S12000021,North Ayrshire,46.7,152,2,16.7,22.7,2.5,60.7,37.4,64.8
S12000023,Orkney Islands,48,23,1,16.1,23.8,2.7,60.1,39.7,66.4
S12000026,Scottish Borders,49.1,24,1,16.5,24.8,2.8,58.8,42.2,70.2
S12000027,Shetland Islands,44.2,16,1,18.3,20.4,2.2,61.2,33.4,63.3
S12000028,South Ayrshire,49,92,1,15.6,25.5,3.2,58.8,43.4,70.0
S12000029,South Lanarkshire,44.2,181,3,17.4,19.6,2.3,63.1,31.0,58.5
S12000030,Stirling,42.3,43,1,16.4,19.4,2.3,64.2,30.2,55.6
S12000033,Aberdeen City,37.3,1229,7,15.5,15.8,2.1,68.7,23.0,45.6
S12000034,Aberdeenshire,44,41,1,18.8,19.6,2.2,61.7,31.7,62.1
S12000035,Argyll and Bute,49.7,12,1,15.0,25.9,3.0,59.1,43.8,69.2
S12000036,City of Edinburgh,36.5,1996,8,15.1,15.1,2.2,69.8,21.7,43.2
S12000038,Renfrewshire,42.9,686,6,16.9,18.9,2.3,64.2,29.5,55.8
S12000039,West Dunbartonshire,43.3,559,5,17.6,18.8,2.1,63.6,29.6,57.3
S12000040,West Lothian,41,428,5,19.4,16.6,1.7,64.0,26.0,56.3
S12000041,Angus,47.1,53,1,16.5,23.9,3.0,59.6,40.1,67.8
S12000042,Dundee City,37,2489,8,16.1,17.5,2.5,66.4,26.3,50.5
S12000045,East Dunbartonshire,46.4,624,6,17.9,22.5,3.1,59.6,37.8,67.7
S12000047,Fife,43.8,282,4,17.3,20.6,2.4,62.1,33.2,61.0
S12000048,Perth and Kinross,47,29,1,16.1,23.6,3.2,60.3,39.1,65.7
S12000049,Glasgow City,35.6,3618,9,15.9,13.5,1.8,70.6,19.0,41.5
S12000050,North Lanarkshire,41.5,726,6,18.4,17.3,1.7,64.3,26.9,55.6
,,,,,,,,,,
"Source: Office for National Statistics, National Records of Scotland – Population Estimates",,,,,,,,,,
