Area code,LOCAL AUTHORITY,area_sq_km,1981,1982,1983,1984,1985,1986,1987,1988,1989,1990,1991,1992,1993,1994,1995,1996,1997,1998,1999,2000,2001,2002,2003,2004,2005,2006,2007,2008,2009,2010
E06000001,HARTLEPOOL UA,94,"1,011","1,003",996,987,981,972,963,950,955,969,970,972,970,970,966,963,958,956,955,957,961,958,959,960,961,963,964,967,969,973
E06000002,MIDDLESBROUGH UA,54,"2,795","2,779","2,767","2,739","2,706","2,700","2,686","2,690","2,687","2,673","2,687","2,675","2,682","2,703","2,717","2,706","2,682","2,673","2,655","2,640","2,622","2,606","2,594","2,590","2,597","2,591","2,594","2,600","2,608","2,643"
E06000003,REDCAR & CLEVELAND UA,245,616,614,612,610,606,604,599,597,597,596,596,595,589,586,581,576,574,573,570,568,568,566,567,568,567,566,564,563,561,561
E06000004,STOCKTON-ON-TEES UA,204,853,847,848,852,858,857,857,861,861,860,859,864,869,869,868,872,873,880,887,895,901,908,912,913,917,922,925,931,937,944
E06000005,DARLINGTON UA,197,499,500,504,507,503,500,499,502,503,503,503,503,502,503,502,504,502,503,497,497,496,497,497,496,499,502,504,507,509,511
E06000006,HALTON UA,79,"1,563","1,560","1,560","1,562","1,566","1,573","1,579","1,587","1,599","1,586","1,578","1,570","1,565","1,552","1,544","1,540","1,528","1,520","1,512","1,506","1,499","1,495","1,493","1,495","1,494","1,495","1,496","1,498","1,501","1,508"
E06000007,WARRINGTON UA,181,942,952,960,967,973,983,"1,000","1,010","1,017","1,021","1,023","1,015","1,023","1,030","1,037","1,042","1,046","1,049","1,054","1,055","1,058","1,060","1,063","1,064","1,069","1,073","1,080","1,086","1,095","1,101"
E06000008,BLACKBURN WITH DARWEN UA,137,"1,040","1,042","1,040","1,041","1,034","1,020","1,006",990,"1,001","1,001","1,003","1,006","1,014","1,018","1,019","1,013","1,013","1,019","1,009","1,009","1,011","1,015","1,018","1,022","1,022","1,021","1,018","1,018","1,021","1,022"
E06000009,BLACKPOOL UA,35,"4,270","4,236","4,232","4,243","4,255","4,264","4,244","4,253","4,251","4,157","4,256","4,302","4,327","4,317","4,284","4,227","4,167","4,128","4,095","4,096","4,075","4,068","4,080","4,091","4,103","4,085","4,061","4,026","4,009","4,009"
E06000010,"KINGSTON UPON HULL, CITY OF UA",71,"3,831","3,815","3,810","3,783","3,755","3,723","3,670","3,616","3,614","3,645","3,686","3,714","3,709","3,729","3,726","3,705","3,666","3,636","3,581","3,531","3,498","3,498","3,522","3,563","3,596","3,621","3,632","3,654","3,673","3,694"
E06000011,EAST RIDING OF YORKSHIRE UA,"2,408",113,113,113,113,114,115,116,119,121,122,122,123,124,126,126,126,127,127,128,129,131,133,134,136,137,138,139,140,140,141
E06000012,NORTH EAST LINCOLNSHIRE UA,192,841,841,843,841,840,839,840,835,843,839,839,840,844,841,836,830,827,823,824,822,823,823,824,824,824,822,820,819,819,820
E06000013,NORTH LINCOLNSHIRE UA,846,178,178,177,177,177,177,176,179,179,180,181,181,180,181,179,180,180,180,180,180,181,182,184,185,187,188,189,190,190,191
E06000014,YORK UA,272,608,611,617,620,624,626,629,628,633,632,633,631,631,635,636,641,643,648,651,659,667,671,678,689,696,702,708,717,731,744
E06000015,DERBY UA,78,"2,785","2,768","2,766","2,769","2,783","2,801","2,801","2,802","2,824","2,840","2,856","2,872","2,886","2,903","2,917","2,938","2,954","2,959","2,964","2,958","2,957","2,976","2,991","3,016","3,042","3,072","3,098","3,116","3,129","3,164"
E06000016,LEICESTER UA,73,"3,861","3,856","3,860","3,857","3,880","3,861","3,846","3,838","3,859","3,842","3,839","3,846","3,896","3,949","3,979","3,970","3,950","3,956","3,900","3,871","3,857","3,860","3,871","3,913","3,974","4,048","4,104","4,143","4,156","4,182"
E06000017,RUTLAND UA,382,86,86,86,86,87,88,87,87,87,86,87,86,85,84,86,87,86,85,88,89,91,92,92,95,96,98,98,100,101,101
E06000018,NOTTINGHAM UA,75,"3,729","3,727","3,720","3,759","3,759","3,741","3,730","3,691","3,693","3,715","3,745","3,750","3,735","3,716","3,721","3,709","3,734","3,718","3,666","3,629","3,605","3,649","3,704","3,765","3,837","3,881","3,918","3,975","4,031","4,111"
E06000019,HEREFORDSHIRE UA,"2,180",69,69,69,69,70,71,72,73,73,73,74,74,75,76,76,76,77,78,79,80,80,80,81,81,81,81,82,82,82,82
E06000020,TELFORD AND WREKIN UA,290,432,435,441,445,451,453,461,469,477,483,487,490,493,498,503,504,516,527,530,537,546,549,550,553,555,556,556,557,559,560
E06000021,STOKE-ON-TRENT UA,93,"2,700","2,690","2,684","2,676","2,671","2,655","2,655","2,659","2,666","2,666","2,669","2,663","2,659","2,670","2,667","2,664","2,647","2,625","2,612","2,590","2,573","2,563","2,560","2,567","2,565","2,563","2,549","2,560","2,556","2,569"
E06000022,BATH & NORTH EAST SOMERSET UA,346,467,467,469,469,467,467,473,478,478,473,472,472,469,472,473,473,477,480,483,488,490,492,495,497,500,501,508,513,514,520
E06000023,"BRISTOL, CITY OF UA",110,"3,660","3,658","3,671","3,661","3,651","3,646","3,595","3,551","3,519","3,552","3,578","3,564","3,563","3,567","3,570","3,551","3,550","3,553","3,567","3,562","3,558","3,562","3,583","3,631","3,722","3,773","3,838","3,888","3,951","4,026"
E06000024,NORTH SOMERSET UA,374,436,437,442,451,457,466,482,491,491,482,479,481,484,485,487,490,492,497,500,502,505,510,516,522,529,537,546,554,559,568
E06000025,SOUTH GLOUCESTERSHIRE UA,497,409,411,415,419,422,427,430,436,441,442,447,454,460,465,466,469,476,480,486,493,495,500,504,509,514,518,522,524,528,533
E06000026,PLYMOUTH UA,80,"3,175","3,197","3,209","3,212","3,192","3,222","3,220","3,252","3,218","3,195","3,149","3,175","3,181","3,128","3,137","3,106","3,084","3,045","3,033","3,030","3,020","3,033","3,037","3,069","3,111","3,150","3,189","3,203","3,217","3,243"
E06000027,TORBAY UA,63,"1,799","1,795","1,805","1,839","1,888","1,881","1,889","1,912","1,932","1,919","1,939","1,932","1,932","1,967","1,987","1,984","1,980","1,987","2,009","2,043","2,067","2,078","2,093","2,108","2,114","2,119","2,132","2,131","2,130","2,135"
E06000028,BOURNEMOUTH UA,46,"3,105","3,132","3,160","3,217","3,279","3,340","3,389","3,412","3,409","3,411","3,407","3,417","3,430","3,434","3,452","3,451","3,472","3,495","3,500","3,523","3,542","3,532","3,494","3,461","3,476","3,492","3,550","3,565","3,572","3,641"
E06000029,POOLE UA,65,"1,858","1,879","1,879","1,900","1,932","1,962","2,006","2,029","2,043","2,059","2,069","2,086","2,097","2,107","2,116","2,119","2,147","2,148","2,136","2,135","2,137","2,140","2,133","2,129","2,135","2,145","2,162","2,172","2,181","2,195"
E06000030,SWINDON UA,230,659,663,672,681,695,707,721,733,738,741,745,748,748,747,747,751,761,773,779,781,783,789,795,801,812,821,836,852,864,877
E06000031,PETERBOROUGH UA,343,390,399,403,410,421,431,440,445,448,449,449,453,453,460,462,461,455,454,456,456,459,461,466,473,482,488,490,494,498,505
E06000032,LUTON UA,43,"3,803","3,810","3,822","3,820","3,837","3,846","3,824","3,880","3,935","3,974","4,006","4,056","4,121","4,171","4,184","4,188","4,202","4,250","4,267","4,279","4,288","4,275","4,257","4,220","4,252","4,261","4,318","4,393","4,483","4,585"
E06000033,SOUTHEND UA,42,"3,774","3,759","3,746","3,724","3,726","3,750","3,791","3,842","3,834","3,846","3,861","3,890","3,915","3,937","3,926","3,912","3,954","3,923","3,902","3,870","3,840","3,834","3,816","3,792","3,795","3,807","3,852","3,905","3,933","3,959"
E06000034,THURROCK UA,163,780,772,767,762,763,761,761,764,772,780,788,801,806,811,816,824,828,849,854,866,877,887,895,902,911,922,931,950,962,977
E06000035,MEDWAY UA,192,"1,251","1,251","1,249","1,246","1,250","1,255","1,256","1,252","1,253","1,264","1,263","1,269","1,263","1,263","1,257","1,256","1,262","1,278","1,283","1,294","1,300","1,305","1,308","1,309","1,309","1,308","1,312","1,320","1,327","1,337"
E06000036,BRACKNELL FOREST UA,109,774,781,789,789,793,806,811,829,877,898,897,909,923,946,972,993,996,996,"1,004","1,003","1,002","1,005","1,009","1,011","1,016","1,022","1,033","1,042","1,052","1,065"
E06000037,WEST BERKSHIRE UA,704,174,176,172,180,184,189,194,195,195,198,197,198,199,200,202,203,204,204,205,205,205,204,205,206,207,209,212,215,217,219
E06000038,READING UA,40,"3,402","3,419","3,449","3,409","3,393","3,400","3,382","3,362","3,315","3,327","3,338","3,350","3,354","3,361","3,426","3,453","3,520","3,568","3,553","3,562","3,582","3,534","3,511","3,500","3,533","3,562","3,610","3,694","3,758","3,818"
E06000039,SLOUGH UA,33,"3,097","3,119","3,139","3,147","3,158","3,164","3,164","3,237","3,270","3,260","3,239","3,286","3,343","3,411","3,471","3,531","3,581","3,626","3,642","3,679","3,706","3,697","3,677","3,655","3,691","3,736","3,793","3,867","3,946","4,029"
E06000040,WINDSOR AND MAIDENHEAD UA,197,689,693,700,698,698,696,686,676,667,671,680,681,682,683,689,692,687,677,676,680,680,679,682,686,692,701,712,721,732,744
E06000041,WOKINGHAM UA,179,654,663,685,709,735,760,780,799,784,785,789,795,800,797,802,807,819,827,826,836,840,841,843,848,854,865,880,892,905,912
E06000042,MILTON KEYNES UA,309,408,431,441,463,484,509,535,554,566,572,578,585,596,609,623,637,647,657,670,680,689,695,701,705,716,729,742,755,767,782
E06000043,BRIGHTON AND HOVE UA,83,"2,870","2,885","2,887","2,871","2,848","2,846","2,847","2,905","2,899","2,905","2,910","2,914","2,911","2,913","2,926","2,933","2,961","2,986","3,000","3,010","3,024","3,005","2,988","2,970","2,989","3,000","3,027","3,071","3,101","3,130"
E06000044,PORTSMOUTH UA,40,"4,755","4,749","4,769","4,703","4,691","4,672","4,675","4,608","4,618","4,630","4,640","4,661","4,656","4,668","4,694","4,708","4,706","4,699","4,665","4,666","4,672","4,685","4,723","4,791","4,863","4,874","4,886","4,953","5,056","5,146"
E06000045,SOUTHAMPTON UA,50,"4,210","4,177","4,168","4,136","4,118","4,097","4,081","4,049","4,080","4,093","4,108","4,122","4,143","4,196","4,237","4,272","4,287","4,324","4,335","4,359","4,405","4,429","4,467","4,506","4,569","4,588","4,631","4,697","4,748","4,810"
E06000046,ISLE OF WIGHT UA,380,311,312,313,316,320,323,328,335,336,333,331,330,329,330,332,333,335,338,342,346,350,353,355,359,363,364,367,369,369,370
W06000001,ISLE OF ANGLESEY UA,711,96,96,96,96,97,98,97,98,98,98,97,98,98,97,96,96,96,95,96,95,95,95,96,96,96,97,97,97,97,96
W06000002,GWYNEDD UA,"2,535",44,44,44,44,44,44,44,45,45,45,45,46,46,46,46,46,46,46,46,46,46,46,46,47,47,47,47,47,47,47
W06000003,CONWY UA,"1,126",88,88,88,89,89,90,92,94,95,94,96,96,96,97,97,96,96,96,96,97,97,98,98,99,98,98,99,99,99,98
W06000004,DENBIGHSHIRE UA,837,101,101,102,102,103,104,105,106,107,107,107,107,107,107,107,108,108,109,109,111,111,112,113,114,114,114,115,116,116,116
W06000005,FLINTSHIRE UA,438,317,317,317,316,317,315,314,316,320,323,324,328,329,330,331,329,330,334,335,338,339,340,340,341,341,341,341,342,342,342
W06000006,WREXHAM UA,504,240,240,241,242,242,242,244,246,246,245,246,247,248,249,249,249,249,250,252,253,255,256,257,257,258,260,262,263,264,265
W06000023,POWYS UA,"5,181",22,22,22,22,22,22,22,22,23,23,23,23,23,23,24,24,24,24,24,24,24,25,25,25,25,25,25,25,25,25
W06000008,CEREDIGION UA,"1,785",34,34,34,34,34,35,36,36,37,37,37,38,39,39,40,40,40,41,41,42,42,42,42,42,42,42,43,43,43,43
W06000009,PEMBROKESHIRE UA,"1,619",66,66,67,67,67,68,68,69,69,69,69,70,70,70,69,69,69,69,69,70,70,70,71,71,71,72,72,73,73,72
W06000010,CARMARTHENSHIRE UA,"2,371",70,69,69,69,69,69,70,70,71,71,72,71,71,72,72,72,72,73,73,73,73,74,74,75,75,75,76,76,76,76
W06000011,SWANSEA UA,378,606,601,601,600,601,601,602,603,603,605,608,607,607,604,602,601,600,597,595,594,591,593,595,599,600,602,605,608,612,615
W06000012,NEATH PORT TALBOT UA,441,323,320,318,315,314,314,314,314,314,315,315,314,313,314,312,311,310,308,307,306,304,305,308,309,310,310,311,312,311,311
W06000013,BRIDGEND UA,251,506,504,503,506,509,513,517,522,520,517,516,518,519,519,516,513,510,513,513,511,513,516,519,522,523,527,531,534,535,537
W06000014,THE VALE OF GLAMORGAN UA,331,340,341,345,347,353,353,357,359,356,356,357,355,354,353,352,352,353,358,356,361,361,362,364,367,368,371,373,375,377,378
W06000015,CARDIFF UA,140,"2,049","2,043","2,044","2,056","2,041","2,046","2,059","2,078","2,086","2,103","2,121","2,124","2,137","2,136","2,148","2,181","2,195","2,204","2,217","2,225","2,215","2,221","2,225","2,248","2,270","2,298","2,327","2,361","2,402","2,436"
W06000016,"RHONDDA, CYNON, TAFF UA",424,562,559,555,551,549,547,543,543,548,551,554,555,555,554,555,555,557,553,551,548,547,547,548,552,553,554,553,553,553,552
W06000024,MERTHYR TYDFIL UA,111,547,545,541,533,529,529,529,526,530,540,538,540,538,536,530,525,518,516,511,508,508,504,502,500,500,499,501,502,503,503
W06000018,CAERPHILLY UA,277,620,618,616,611,609,608,610,610,613,616,616,614,615,612,607,604,605,606,609,610,612,615,615,617,616,618,620,622,624,625
W06000019,BLAENAU GWENT UA,109,697,688,687,684,680,675,672,671,670,671,669,668,668,670,668,665,663,656,654,649,644,638,635,634,632,634,633,633,632,629
W06000020,TORFAEN UA,126,722,717,715,718,712,716,716,724,724,731,724,726,723,724,724,726,727,727,725,726,724,722,722,720,721,721,721,721,722,721
W06000021,MONMOUTHSHIRE UA,849,90,90,91,91,92,93,94,96,95,94,94,94,96,98,99,100,100,99,99,99,100,100,101,102,103,103,103,103,104,104
W06000022,NEWPORT UA,190,695,696,691,687,694,700,701,698,704,701,711,712,710,711,710,707,710,721,717,719,723,727,728,728,728,729,730,733,737,742
E09000001,CITY OF LONDON,3,"2,295","2,296","2,358","2,385","2,269","2,237","2,205","2,134","2,119","2,040","1,850","1,783","1,832","1,872","1,894","1,915","1,957","1,974","2,271","2,420","2,539","2,640","2,721","2,856","2,985","3,247","3,621","3,910","3,964","4,029"
E09000002,BARKING & DAGENHAM,36,"4,469","4,455","4,421","4,399","4,374","4,360","4,346","4,338","4,333","4,337","4,308","4,327","4,328","4,344","4,361","4,358","4,386","4,460","4,501","4,541","4,590","4,616","4,618","4,608","4,628","4,652","4,685","4,751","4,866","4,980"
E09000003,BARNET,87,"3,403","3,380","3,357","3,382","3,397","3,417","3,410","3,338","3,424","3,407","3,432","3,423","3,419","3,428","3,447","3,493","3,512","3,555","3,614","3,641","3,683","3,701","3,721","3,750","3,794","3,839","3,869","3,898","3,955","4,014"
E09000004,BEXLEY,61,"3,590","3,593","3,590","3,591","3,588","3,606","3,605","3,595","3,582","3,580","3,601","3,601","3,605","3,610","3,609","3,595","3,562","3,572","3,591","3,612","3,612","3,616","3,628","3,642","3,665","3,676","3,689","3,715","3,730","3,764"
E09000005,BRENT,43,"5,742","5,720","5,706","5,711","5,698","5,700","5,704","5,699","5,627","5,640","5,570","5,558","5,590","5,683","5,744","5,828","5,905","6,011","6,021","6,128","6,236","6,168","6,058","5,987","5,959","5,947","5,901","5,886","5,909","5,934"
E09000006,BROMLEY,150,"1,993","1,986","1,993","1,983","1,977","1,967","1,970","1,966","1,970","1,972","1,955","1,944","1,931","1,931","1,932","1,943","1,952","1,943","1,964","1,967","1,973","1,980","1,988","1,994","2,012","2,024","2,036","2,051","2,066","2,080"
E09000007,CAMDEN,22,"8,217","8,056","8,016","8,073","8,189","8,302","8,344","8,212","8,228","8,295","8,291","8,218","8,225","8,260","8,371","8,545","8,542","8,438","8,717","9,000","9,294","9,436","9,531","9,763","10,020","10,160","10,274","10,390","10,609","10,798"
E09000008,CROYDON,87,"3,707","3,711","3,693","3,668","3,666","3,664","3,656","3,628","3,626","3,649","3,651","3,666","3,690","3,731","3,777","3,807","3,825","3,849","3,838","3,863","3,873","3,869","3,863","3,868","3,878","3,893","3,912","3,943","3,962","3,994"
E09000009,EALING,56,"5,138","5,112","5,125","5,188","5,232","5,266","5,264","5,246","5,163","5,145","5,111","5,131","5,147","5,157","5,195","5,273","5,295","5,336","5,443","5,481","5,534","5,546","5,502","5,517","5,535","5,552","5,566","5,621","5,702","5,736"
E09000010,ENFIELD,81,"3,228","3,231","3,237","3,234","3,248","3,246","3,188","3,173","3,180","3,203","3,218","3,224","3,226","3,217","3,251","3,279","3,320","3,326","3,374","3,403","3,430","3,470","3,480","3,483","3,506","3,532","3,550","3,575","3,603","3,648"
E09000011,GREENWICH,47,"4,522","4,526","4,515","4,506","4,503","4,528","4,491","4,438","4,409","4,457","4,454","4,476","4,464","4,440","4,420","4,432","4,462","4,485","4,481","4,529","4,593","4,640","4,662","4,686","4,716","4,722","4,722","4,726","4,776","4,826"
E09000012,HACKNEY,19,"9,714","9,598","9,731","9,762","9,714","9,658","9,641","9,683","9,811","9,807","9,702","9,799","9,871","9,980","10,116","10,127","10,042","10,213","10,443","10,668","10,871","10,962","10,938","10,902","10,943","10,984","11,040","11,164","11,329","11,499"
E09000013,HAMMERSMITH & FULHAM,16,"9,157","9,079","9,153","9,201","9,241","9,252","9,287","9,215","9,168","9,245","9,375","9,344","9,296","9,373","9,356","9,446","9,455","9,477","9,792","10,021","10,325","10,416","10,321","10,302","10,306","10,280","10,308","10,277","10,346","10,345"
E09000014,HARINGEY,30,"6,994","6,939","6,978","6,858","6,800","6,799","6,754","6,745","6,712","6,867","6,998","6,955","6,978","7,012","7,060","7,151","7,270","7,320","7,387","7,431","7,478","7,551","7,534","7,550","7,585","7,619","7,595","7,615","7,623","7,605"
E09000015,HARROW,50,"3,962","3,971","3,999","4,054","4,074","4,094","4,071","4,029","3,981","3,977","4,023","4,036","4,087","4,109","4,101","4,105","4,100","4,095","4,120","4,143","4,162","4,195","4,212","4,252","4,334","4,385","4,424","4,465","4,520","4,558"
E09000016,HAVERING,112,"2,155","2,156","2,139","2,135","2,125","2,122","2,116","2,102","2,076","2,071","2,057","2,041","2,043","2,037","2,027","2,023","2,013","1,992","2,010","2,005","2,002","2,004","2,006","2,011","2,022","2,036","2,051","2,069","2,085","2,103"
E09000017,HILLINGDON,116,"2,019","2,016","2,026","2,009","2,011","2,007","2,000","2,006","2,035","2,040","2,026","2,026","2,037","2,063","2,076","2,091","2,099","2,105","2,118","2,125","2,123","2,135","2,146","2,152","2,176","2,195","2,207","2,230","2,269","2,300"
E09000018,HOUNSLOW,56,"3,589","3,612","3,561","3,520","3,493","3,494","3,491","3,446","3,552","3,600","3,642","3,608","3,608","3,604","3,638","3,680","3,754","3,795","3,828","3,835","3,858","3,868","3,851","3,895","3,957","4,012","4,074","4,113","4,184","4,229"
E09000019,ISLINGTON,15,"11,129","10,888","10,846","10,986","11,141","11,113","11,122","11,125","11,107","11,364","11,558","11,619","11,636","11,667","11,643","11,753","11,821","11,975","11,825","11,969","12,072","12,134","12,206","12,232","12,424","12,467","12,574","12,683","12,909","13,061"
E09000020,KENSINGTON & CHELSEA,12,"11,641","11,484","11,340","11,589","11,821","11,906","11,629","11,104","11,600","11,747","11,841","11,726","11,668","11,542","11,592","11,633","11,715","11,801","12,175","12,751","13,372","13,527","13,666","13,740","13,982","13,982","14,092","14,102","14,005","13,973"
E09000021,KINGSTON UPON THAMES,37,"3,609","3,579","3,572","3,575","3,558","3,546","3,492","3,543","3,574","3,642","3,653","3,655","3,654","3,663","3,699","3,738","3,794","3,860","3,920","3,955","4,001","4,051","4,087","4,161","4,233","4,304","4,358","4,419","4,477","4,536"
E09000022,LAMBETH,27,"9,382","9,245","9,191","9,223","9,257","9,370","9,358","9,280","9,295","9,153","9,507","9,530","9,493","9,568","9,589","9,684","9,688","9,837","9,948","10,067","10,192","10,151","10,091","10,146","10,231","10,329","10,412","10,490","10,562","10,606"
E09000023,LEWISHAM,35,"6,757","6,707","6,687","6,727","6,767","6,785","6,803","6,759","6,730","6,762","6,834","6,819","6,839","6,883","6,839","6,915","6,939","7,032","7,120","7,171","7,235","7,210","7,157","7,170","7,233","7,301","7,365","7,454","7,524","7,580"
E09000024,MERTON,38,"4,457","4,447","4,425","4,405","4,433","4,456","4,445","4,461","4,475","4,519","4,545","4,565","4,619","4,673","4,725","4,803","4,831","4,849","4,921","5,004","5,081","5,096","5,093","5,116","5,184","5,253","5,313","5,391","5,488","5,552"
E09000025,NEWHAM,36,"5,849","5,838","5,792","5,776","5,767","5,685","5,734","5,761","5,784","5,859","5,970","6,051","6,136","6,209","6,294","6,347","6,378","6,487","6,640","6,776","6,885","6,983","6,941","6,826","6,718","6,663","6,664","6,692","6,659","6,629"
E09000026,REDBRIDGE,56,"3,931","3,892","3,865","3,847","3,862","3,849","3,874","3,876","3,889","3,931","3,935","3,962","3,984","4,018","4,054","4,127","4,165","4,183","4,221","4,252","4,288","4,329","4,384","4,408","4,453","4,522","4,596","4,677","4,746","4,795"
E09000027,RICHMOND UPON THAMES,57,"2,870","2,835","2,837","2,822","2,829","2,828","2,834","2,785","2,826","2,878","2,902","2,876","2,866","2,874","2,903","2,938","2,962","2,960","3,009","3,012","3,036","3,065","3,104","3,150","3,199","3,230","3,243","3,260","3,291","3,325"
E09000028,SOUTHWARK,29,"7,584","7,460","7,500","7,515","7,536","7,548","7,576","7,589","7,695","7,912","7,876","7,916","8,019","8,027","8,210","8,201","8,282","8,392","8,590","8,759","8,897","8,920","8,922","9,030","9,217","9,462","9,672","9,809","9,899","9,948"
E09000029,SUTTON,44,"3,882","3,888","3,883","3,884","3,891","3,873","3,874","3,870","3,893","3,883","3,879","3,900","3,936","3,943","3,973","4,007","4,037","4,056","4,091","4,116","4,138","4,148","4,162","4,173","4,211","4,240","4,275","4,321","4,383","4,429"
E09000030,TOWER HAMLETS,20,"7,321","7,259","7,208","7,220","7,324","7,596","7,893","8,026","8,128","8,298","8,414","8,461","8,551","8,677","8,863","9,120","9,351","9,506","9,789","9,972","10,172","10,489","10,582","10,724","10,829","10,986","11,221","11,475","11,876","12,034"
E09000031,WALTHAM FOREST,39,"5,596","5,550","5,537","5,536","5,568","5,559","5,524","5,491","5,454","5,506","5,562","5,580","5,615","5,670","5,679","5,668","5,663","5,726","5,695","5,701","5,720","5,717","5,678","5,654","5,635","5,648","5,662","5,705","5,779","5,852"
E09000032,WANDSWORTH,34,"7,659","7,580","7,590","7,607","7,639","7,602","7,639","7,619","7,604","7,618","7,646","7,641","7,615","7,627","7,585","7,619","7,607","7,616","7,711","7,813","7,931","7,985","8,003","8,025","8,119","8,205","8,254","8,280","8,365","8,451"
E09000033,WESTMINSTER,21,"8,771","8,688","8,617","8,539","8,421","8,303","8,186","8,024","8,208","8,506","8,615","8,426","8,235","8,104","8,111","8,310","8,466","8,597","8,810","9,147","9,466","9,810","10,077","10,378","10,902","11,179","11,344","11,482","11,612","11,784"
E08000001,BOLTON,140,"1,875","1,869","1,861","1,854","1,848","1,846","1,845","1,850","1,854","1,862","1,869","1,871","1,873","1,870","1,866","1,860","1,858","1,866","1,863","1,861","1,869","1,873","1,879","1,880","1,880","1,880","1,881","1,886","1,896","1,906"
E08000002,BURY,99,"1,780","1,768","1,760","1,748","1,742","1,735","1,745","1,757","1,771","1,783","1,793","1,805","1,811","1,813","1,808","1,806","1,806","1,815","1,820","1,818","1,816","1,820","1,824","1,820","1,821","1,821","1,826","1,825","1,835","1,847"
E08000003,MANCHESTER,116,"3,971","3,925","3,904","3,870","3,830","3,822","3,798","3,754","3,722","3,739","3,741","3,697","3,691","3,678","3,681","3,654","3,612","3,612","3,601","3,647","3,657","3,684","3,739","3,793","3,865","3,940","4,023","4,092","4,184","4,313"
E08000004,OLDHAM,142,"1,555","1,546","1,545","1,539","1,531","1,530","1,523","1,521","1,526","1,530","1,535","1,540","1,542","1,541","1,539","1,540","1,538","1,536","1,534","1,532","1,535","1,532","1,530","1,531","1,531","1,529","1,529","1,532","1,537","1,544"
E08000005,ROCHDALE,158,"1,317","1,306","1,298","1,293","1,289","1,288","1,285","1,282","1,283","1,284","1,290","1,294","1,298","1,298","1,298","1,295","1,291","1,294","1,296","1,304","1,306","1,303","1,305","1,300","1,296","1,292","1,291","1,293","1,295","1,298"
E08000006,SALFORD,97,"2,564","2,545","2,534","2,504","2,473","2,460","2,437","2,411","2,394","2,383","2,375","2,365","2,356","2,342","2,338","2,321","2,304","2,280","2,264","2,250","2,233","2,225","2,236","2,244","2,258","2,272","2,277","2,295","2,316","2,356"
E08000007,STOCKPORT,126,"2,321","2,308","2,299","2,296","2,307","2,292","2,295","2,289","2,287","2,275","2,289","2,289","2,288","2,283","2,272","2,272","2,271","2,278","2,267","2,256","2,257","2,251","2,249","2,247","2,240","2,234","2,237","2,241","2,250","2,258"
E08000008,TAMESIDE,103,"2,119","2,098","2,091","2,079","2,078","2,073","2,077","2,083","2,095","2,103","2,113","2,119","2,119","2,115","2,107","2,093","2,094","2,083","2,070","2,064","2,065","2,065","2,067","2,068","2,065","2,067","2,066","2,078","2,087","2,102"
E08000009,TRAFFORD,106,"2,102","2,083","2,070","2,060","2,060","2,045","2,043","2,039","2,034","2,029","2,035","2,031","2,031","2,029","2,025","2,024","2,013","2,020","2,008","1,993","1,982","1,982","1,992","1,996","1,998","2,005","2,011","2,016","2,030","2,049"
E08000010,WIGAN,188,"1,631","1,623","1,617","1,609","1,605","1,602","1,603","1,604","1,614","1,617","1,624","1,627","1,625","1,621","1,614","1,608","1,605","1,603","1,605","1,605","1,602","1,603","1,607","1,610","1,613","1,616","1,616","1,623","1,629","1,634"
E08000011,KNOWSLEY,86,"2,008","1,991","1,965","1,936","1,910","1,878","1,849","1,812","1,800","1,798","1,794","1,780","1,778","1,766","1,766","1,766","1,765","1,771","1,756","1,751","1,749","1,743","1,738","1,735","1,735","1,736","1,733","1,731","1,727","1,724"
E08000012,LIVERPOOL,112,"4,622","4,576","4,516","4,478","4,440","4,377","4,325","4,281","4,259","4,245","4,252","4,234","4,214","4,185","4,155","4,125","4,081","4,052","4,009","3,988","3,951","3,947","3,937","3,947","3,963","3,963","3,957","3,944","3,955","3,981"
E08000013,ST HELENS,136,"1,399","1,387","1,378","1,368","1,358","1,349","1,336","1,332","1,333","1,324","1,320","1,320","1,314","1,315","1,306","1,302","1,297","1,293","1,296","1,296","1,297","1,295","1,295","1,296","1,296","1,295","1,294","1,296","1,299","1,300"
E08000014,SEFTON,153,"1,960","1,944","1,949","1,938","1,932","1,926","1,916","1,915","1,924","1,920","1,913","1,912","1,908","1,897","1,887","1,877","1,871","1,862","1,856","1,850","1,847","1,835","1,830","1,824","1,813","1,803","1,796","1,790","1,785","1,782"
E08000015,WIRRAL,157,"2,168","2,158","2,154","2,146","2,140","2,129","2,128","2,128","2,137","2,132","2,128","2,118","2,106","2,094","2,078","2,055","2,040","2,029","2,019","2,015","2,006","2,000","1,995","1,987","1,979","1,973","1,967","1,964","1,964","1,966"
E08000016,BARNSLEY,329,687,686,684,683,680,677,675,673,676,677,678,676,675,674,671,670,668,667,665,662,663,664,668,671,674,677,680,684,688,692
E08000017,DONCASTER,568,512,508,509,506,506,507,508,510,512,513,513,514,512,511,512,509,509,506,505,505,505,506,507,508,508,508,509,509,511,512
E08000018,ROTHERHAM,287,884,884,885,882,882,880,878,878,883,886,885,884,885,883,879,876,873,869,865,862,867,871,874,877,880,881,881,883,886,889
E08000019,SHEFFIELD,368,"1,488","1,481","1,472","1,464","1,458","1,445","1,437","1,425","1,418","1,415","1,414","1,415","1,415","1,410","1,404","1,408","1,407","1,407","1,403","1,399","1,395","1,398","1,401","1,413","1,429","1,440","1,454","1,467","1,487","1,510"
E08000020,GATESHEAD,142,"1,499","1,485","1,473","1,466","1,454","1,446","1,440","1,433","1,427","1,419","1,417","1,414","1,410","1,402","1,394","1,385","1,376","1,365","1,358","1,348","1,343","1,341","1,340","1,336","1,335","1,333","1,333","1,334","1,340","1,347"
E08000021,NEWCASTLE UPON TYNE,113,"2,505","2,477","2,478","2,476","2,485","2,476","2,485","2,456","2,436","2,435","2,424","2,457","2,492","2,478","2,480","2,476","2,452","2,419","2,389","2,359","2,347","2,361","2,366","2,373","2,403","2,417","2,429","2,449","2,506","2,576"
E08000022,NORTH TYNESIDE,82,"2,412","2,396","2,375","2,368","2,361","2,354","2,365","2,370","2,372","2,364","2,361","2,355","2,347","2,333","2,328","2,320","2,313","2,318","2,307","2,315","2,330","2,336","2,337","2,336","2,346","2,357","2,365","2,379","2,393","2,409"
E08000023,SOUTH TYNESIDE,64,"2,513","2,492","2,474","2,457","2,446","2,435","2,426","2,418","2,420","2,424","2,432","2,433","2,432","2,423","2,419","2,415","2,407","2,397","2,385","2,377","2,372","2,367","2,356","2,347","2,341","2,338","2,338","2,351","2,367","2,386"
E08000024,SUNDERLAND,137,"2,169","2,184","2,183","2,182","2,177","2,168","2,163","2,155","2,155","2,153","2,153","2,156","2,160","2,148","2,138","2,126","2,116","2,108","2,092","2,079","2,071","2,063","2,057","2,051","2,050","2,047","2,044","2,044","2,049","2,063"
E08000025,BIRMINGHAM,268,"3,844","3,829","3,814","3,802","3,796","3,784","3,762","3,747","3,743","3,746","3,751","3,750","3,755","3,735","3,731","3,739","3,711","3,702","3,696","3,679","3,677","3,688","3,700","3,713","3,748","3,764","3,778","3,806","3,842","3,872"
E08000026,COVENTRY,99,"3,234","3,215","3,203","3,182","3,170","3,153","3,140","3,116","3,096","3,095","3,081","3,071","3,067","3,058","3,073","3,106","3,089","3,092","3,090","3,072","3,070","3,068","3,074","3,063","3,077","3,089","3,107","3,148","3,171","3,201"
E08000027,DUDLEY,98,"3,075","3,076","3,076","3,072","3,074","3,075","3,093","3,111","3,124","3,138","3,141","3,150","3,149","3,146","3,140","3,130","3,116","3,112","3,112","3,110","3,114","3,116","3,111","3,112","3,117","3,117","3,117","3,127","3,130","3,138"
E08000028,SANDWELL,86,"3,619","3,610","3,586","3,557","3,536","3,509","3,474","3,448","3,437","3,427","3,419","3,408","3,408","3,400","3,397","3,376","3,361","3,355","3,343","3,331","3,326","3,329","3,337","3,348","3,355","3,357","3,354","3,374","3,400","3,421"
E08000029,SOLIHULL,178,"1,114","1,117","1,120","1,118","1,127","1,127","1,134","1,138","1,132","1,125","1,124","1,119","1,113","1,118","1,120","1,122","1,126","1,126","1,123","1,116","1,119","1,121","1,123","1,127","1,129","1,133","1,137","1,146","1,151","1,156"
E08000030,WALSALL,104,"2,572","2,561","2,542","2,530","2,513","2,500","2,497","2,499","2,508","2,509","2,513","2,508","2,514","2,503","2,486","2,479","2,469","2,458","2,461","2,452","2,437","2,437","2,438","2,443","2,448","2,446","2,446","2,454","2,462","2,471"
E08000031,WOLVERHAMPTON,69,"3,713","3,691","3,685","3,660","3,643","3,619","3,594","3,574","3,576","3,564","3,578","3,570","3,561","3,531","3,527","3,531","3,498","3,486","3,467","3,450","3,428","3,432","3,432","3,432","3,435","3,429","3,419","3,429","3,435","3,447"
E08000032,BRADFORD,366,"1,267","1,266","1,264","1,264","1,262","1,260","1,258","1,262","1,270","1,273","1,279","1,281","1,284","1,286","1,286","1,285","1,281","1,277","1,274","1,275","1,285","1,293","1,301","1,313","1,327","1,342","1,354","1,368","1,383","1,399"
E08000033,CALDERDALE,364,530,526,525,522,523,525,528,530,533,533,530,530,529,528,527,526,525,525,525,527,529,530,532,534,538,541,545,550,554,557
E08000034,KIRKLEES,409,923,923,925,925,924,924,923,922,923,924,927,930,935,937,938,939,940,941,943,947,952,957,960,964,969,974,981,988,995,"1,003"
E08000035,LEEDS,552,"1,301","1,296","1,291","1,286","1,281","1,281","1,275","1,274","1,276","1,275","1,281","1,288","1,293","1,292","1,294","1,297","1,298","1,298","1,296","1,293","1,297","1,306","1,315","1,332","1,360","1,382","1,400","1,412","1,428","1,448"
E08000036,WAKEFIELD,339,929,926,920,915,913,909,910,913,920,925,928,930,928,926,924,923,922,925,927,928,931,936,940,943,946,949,950,953,957,961
E07000001,MID BEDFORDSHIRE,503,208,207,208,211,211,215,219,221,219,219,221,222,221,223,224,228,231,233,237,238,241,245,250,254,257,261,264,267,268,271
E07000002,BEDFORD,476,280,278,277,278,278,279,281,281,281,284,284,287,288,288,288,290,294,297,302,307,311,315,319,321,323,325,326,330,332,338
E07000003,SOUTH BEDFORDSHIRE,213,504,506,509,508,506,507,516,518,508,511,514,516,516,519,521,522,519,519,524,527,530,533,536,537,541,544,547,552,555,558
E07000004,AYLESBURY VALE,903,149,149,149,153,154,157,159,160,162,163,163,166,168,169,171,173,175,177,180,182,184,184,185,185,186,187,189,191,192,193
E07000005,CHILTERN,196,461,462,457,461,459,460,455,450,448,452,455,456,456,457,460,458,464,460,459,456,454,452,454,456,458,461,464,465,463,465
E07000006,SOUTH BUCKS,141,431,430,418,427,424,425,420,417,419,425,426,429,431,432,434,434,432,435,435,438,438,438,439,445,450,454,461,465,471,478
E07000007,WYCOMBE,325,485,486,480,485,484,483,481,481,484,490,490,493,493,496,499,498,497,495,498,498,499,498,498,497,498,497,499,501,504,508
E07000008,CAMBRIDGE,41,"2,481","2,498","2,490","2,482","2,470","2,509","2,483","2,482","2,516","2,556","2,621","2,661","2,693","2,636","2,643","2,654","2,656","2,682","2,700","2,701","2,701","2,651","2,653","2,637","2,721","2,773","2,844","2,917","2,976","3,089"
E07000009,EAST CAMBRIDGESHIRE,651,83,82,83,84,87,89,90,92,91,92,93,93,94,96,98,102,105,109,109,112,113,115,117,119,121,123,125,127,129,130
E07000010,FENLAND,546,122,122,122,123,123,125,127,131,132,134,137,140,142,143,144,145,147,149,151,152,153,155,158,161,163,165,167,168,168,168
E07000011,HUNTINGDONSHIRE,906,138,140,140,142,148,152,155,157,157,161,161,164,164,165,164,168,171,171,172,173,173,175,179,179,180,181,181,182,183,185
E07000012,SOUTH CAMBRIDGESHIRE,902,121,122,123,125,127,129,129,131,131,133,135,135,135,135,137,139,141,142,143,143,145,146,149,150,152,154,156,158,160,162
E07000013,CHESTER,448,261,261,259,263,264,265,266,266,260,259,262,266,269,269,269,267,267,267,264,264,264,264,265,265,266,267,265,264,265,266
E07000014,CONGLETON,211,379,381,384,388,393,396,401,404,402,402,403,403,403,406,407,412,416,422,423,427,430,431,433,435,437,438,438,437,437,436
E07000015,CREWE & NANTWICH,430,229,229,226,224,224,224,224,225,232,239,243,248,251,255,259,258,259,258,257,257,258,261,263,266,269,271,272,274,275,277
E07000016,ELLESMERE PORT & NESTON,88,935,932,930,920,915,917,910,915,914,909,919,920,925,929,926,925,925,924,922,924,923,918,916,915,915,915,915,911,911,912
E07000017,MACCLESFIELD,525,286,282,282,286,288,289,288,289,288,286,287,287,288,288,288,289,289,289,288,287,286,286,286,286,287,287,288,289,290,291
E07000018,VALE ROYAL,380,293,293,293,294,296,296,297,297,299,299,300,300,302,303,303,305,310,313,315,319,322,324,327,329,331,332,333,335,335,335
E07000019,CARADON,661,102,105,105,109,111,111,113,115,116,116,117,117,116,117,118,118,119,120,120,120,121,121,122,123,124,125,126,126,127,127
E07000020,CARRICK,461,164,166,168,171,173,175,178,180,179,180,181,181,182,182,183,183,184,185,187,189,191,193,194,195,197,198,200,201,202,204
E07000021,KERRIER,474,177,178,179,182,181,181,181,183,183,185,186,187,187,187,187,188,190,191,192,195,196,198,200,202,204,206,208,209,211,214
E07000022,NORTH CORNWALL,"1,195",54,55,55,56,57,58,59,60,61,61,62,62,63,64,64,65,65,66,66,67,68,69,69,70,71,71,72,73,73,73
E07000023,PENWITH,304,178,177,175,177,178,181,184,187,194,198,196,197,197,198,200,199,200,200,204,206,208,209,209,210,209,209,211,212,212,212
E07000024,RESTORMEL,452,174,175,175,177,180,182,186,190,191,193,193,194,195,197,200,199,201,203,207,209,212,216,219,220,222,224,226,227,228,231
E07000025,ISLES OF SCILLY,16,120,123,120,121,122,122,120,118,117,123,123,121,124,121,117,114,117,119,124,128,131,133,130,131,128,130,135,138,133,129
E07000026,ALLERDALE,"1,242",77,77,77,77,77,77,77,77,77,77,77,77,77,77,76,76,76,76,76,75,75,75,76,76,76,76,76,76,76,76
E07000027,BARROW-IN-FURNESS,78,942,951,957,962,970,975,967,963,962,944,941,943,943,932,931,931,925,921,929,925,923,917,914,915,913,910,909,908,909,906
E07000028,CARLISLE,"1,040",97,97,97,97,97,96,96,96,97,98,97,98,98,98,99,98,98,98,97,97,97,98,99,100,101,102,102,101,101,101
E07000029,COPELAND,732,100,100,99,98,97,97,98,98,98,98,98,97,97,97,96,96,96,96,95,95,95,94,95,95,95,96,96,96,95,95
E07000030,EDEN,"2,142",20,20,20,20,20,21,21,21,21,21,21,22,22,22,22,22,23,23,23,23,23,23,24,24,24,24,24,24,24,24
E07000031,SOUTH LAKELAND,"1,534",62,62,62,62,63,63,63,64,64,64,64,64,64,65,65,65,66,66,66,67,67,67,67,68,68,68,68,68,68,68
E07000032,AMBER VALLEY,265,412,409,409,409,408,410,411,417,422,424,423,423,424,426,427,427,430,430,435,438,439,442,444,446,448,451,453,455,456,458
E07000033,BOLSOVER,160,443,442,442,441,441,436,430,432,439,443,443,444,442,439,439,439,438,440,441,444,448,452,457,458,459,461,463,464,463,465
E07000034,CHESTERFIELD,66,"1,484","1,481","1,483","1,486","1,478","1,475","1,490","1,494","1,501","1,512","1,511","1,515","1,522","1,519","1,514","1,509","1,502","1,502","1,497","1,496","1,497","1,500","1,506","1,512","1,519","1,521","1,522","1,526","1,528","1,530"
E07000035,DERBYSHIRE DALES,792,86,85,86,86,85,86,86,86,86,86,86,86,86,86,86,87,87,87,88,88,88,87,87,87,87,87,88,88,89,89
E07000036,EREWASH,110,946,945,948,955,958,968,973,983,985,979,973,973,973,974,971,975,977,988,989,998,"1,005","1,006","1,004","1,004","1,004","1,003","1,004","1,008","1,012","1,015"
E07000037,HIGH PEAK,539,153,152,152,153,153,155,155,156,157,158,159,160,160,161,162,162,162,163,163,165,166,166,166,167,167,169,170,171,171,172
E07000038,NORTH EAST DERBYSHIRE,276,349,349,348,344,347,350,350,351,351,353,355,356,356,356,356,354,352,351,352,352,352,352,352,353,354,354,355,355,355,357
E07000039,SOUTH DERBYSHIRE,338,202,203,203,204,204,206,207,210,212,213,215,217,219,220,223,227,230,235,236,239,242,247,252,256,260,264,268,271,274,278
E07000040,EAST DEVON,814,132,132,133,134,137,138,142,144,145,145,145,145,147,149,150,149,150,150,152,153,154,155,156,159,160,161,163,163,163,163
E07000041,EXETER,47,"2,139","2,155","2,186","2,163","2,140","2,132","2,120","2,118","2,173","2,200","2,228","2,247","2,215","2,201","2,243","2,267","2,298","2,331","2,332","2,350","2,364","2,358","2,372","2,373","2,428","2,477","2,522","2,520","2,527","2,544"
E07000042,MID DEVON,913,64,64,65,65,66,67,68,69,70,71,71,71,72,72,72,72,73,74,74,76,77,77,78,79,80,81,82,83,83,83
E07000043,NORTH DEVON,"1,086",72,72,73,73,74,75,76,78,79,79,78,78,79,79,78,79,79,79,80,80,81,81,82,83,83,84,84,84,84,84
E07000044,SOUTH HAMS,886,75,75,76,76,78,80,82,84,86,86,88,88,88,89,89,90,90,91,92,93,92,93,92,93,93,94,94,94,94,94
E07000045,TEIGNBRIDGE,674,142,141,142,143,147,153,155,157,160,161,162,164,166,168,169,172,173,176,177,179,180,181,182,184,185,185,187,188,188,189
E07000046,TORRIDGE,984,49,49,50,50,51,51,52,52,53,53,54,54,55,56,56,56,56,57,58,59,60,61,62,63,64,65,66,66,66,67
E07000047,WEST DEVON,"1,160",37,37,38,38,39,38,39,39,40,39,40,40,40,40,40,40,40,41,41,42,42,42,43,43,44,44,45,46,45,46
E07000048,CHRISTCHURCH,50,765,794,809,820,830,834,819,824,817,812,821,827,835,848,857,861,867,874,883,889,891,896,899,903,906,911,919,927,932,939
E07000049,EAST DORSET,354,195,198,202,208,214,219,222,223,220,220,222,223,224,227,229,230,231,232,234,236,237,240,241,243,244,244,247,248,247,248
E07000050,NORTH DORSET,609,80,80,81,81,82,83,85,87,87,87,88,89,89,90,93,95,97,98,99,101,102,103,104,104,105,107,108,108,106,105
E07000051,PURBECK,404,100,99,99,102,103,105,106,107,108,108,107,107,107,108,109,109,109,110,110,110,110,110,109,109,109,111,112,112,112,112
E07000052,WEST DORSET,"1,081",74,74,75,75,75,76,77,78,78,79,80,80,81,81,82,83,83,84,84,85,86,86,87,88,88,89,89,89,89,89
E07000053,WEYMOUTH & PORTLAND,42,"1,389","1,392","1,395","1,409","1,429","1,451","1,470","1,480","1,489","1,478","1,484","1,494","1,497","1,510","1,511","1,511","1,515","1,517","1,497","1,516","1,527","1,540","1,541","1,536","1,538","1,532","1,533","1,525","1,524","1,522"
E07000054,CHESTER-LE-STREET,68,765,767,763,765,768,770,767,763,762,759,768,758,769,781,793,800,806,804,805,801,794,794,791,788,787,788,788,785,787,787
E07000055,DERWENTSIDE,271,326,323,322,321,318,318,318,317,314,317,320,319,318,318,319,319,317,319,315,314,315,316,317,318,319,320,323,326,327,329
E07000056,DURHAM,187,471,471,470,463,458,457,456,454,453,458,460,462,463,465,467,468,470,466,470,471,470,471,468,469,472,482,493,502,508,525
E07000057,EASINGTON,145,702,695,689,683,681,679,676,673,677,679,682,686,683,680,673,665,660,658,655,652,650,646,644,645,648,650,655,660,661,662
E07000058,SEDGEFIELD,217,430,426,421,416,414,412,412,413,413,416,419,419,417,416,412,408,406,403,404,402,401,401,402,404,404,403,402,401,399,399
E07000059,TEESDALE,836,30,29,29,29,29,29,29,29,29,29,29,29,29,28,28,28,29,29,29,29,29,29,29,29,29,29,29,29,29,29
E07000060,WEAR VALLEY,503,127,127,127,127,128,128,127,126,126,126,125,126,126,125,124,125,125,124,123,122,122,121,122,122,123,123,125,125,126,126
E07000061,EASTBOURNE,44,"1,755","1,779","1,782","1,803","1,813","1,813","1,801","1,798","1,850","1,863","1,910","1,922","1,942","1,969","1,972","1,973","1,983","1,992","2,009","2,025","2,034","2,058","2,083","2,114","2,147","2,163","2,173","2,178","2,184","2,196"
E07000062,HASTINGS,30,"2,546","2,578","2,595","2,660","2,715","2,748","2,778","2,821","2,811","2,800","2,784","2,803","2,779","2,774","2,779","2,767","2,779","2,764","2,829","2,849","2,873","2,880","2,895","2,896","2,907","2,893","2,893","2,903","2,924","2,933"
E07000063,LEWES,292,270,271,274,280,285,293,300,303,304,301,302,305,306,307,307,304,304,305,311,314,316,319,320,323,323,324,325,328,330,334
E07000064,ROTHER,509,150,151,152,153,154,157,159,162,162,161,162,162,163,165,165,169,169,170,169,169,168,169,170,171,172,173,174,176,175,176
E07000065,WEALDEN,833,143,143,144,145,146,148,152,154,155,156,157,159,159,160,161,163,165,167,167,168,168,169,170,171,171,172,172,172,172,173
E07000066,BASILDON,110,"1,386","1,405","1,425","1,440","1,444","1,456","1,466","1,474","1,476","1,474","1,471","1,462","1,459","1,460","1,464","1,467","1,475","1,476","1,492","1,499","1,508","1,512","1,512","1,516","1,523","1,533","1,546","1,572","1,582","1,592"
E07000067,BRAINTREE,612,184,185,187,188,190,191,192,194,196,193,195,197,197,200,201,203,205,208,211,214,217,219,221,224,227,229,230,233,233,235
E07000068,BRENTWOOD,153,474,473,473,469,471,471,472,469,465,462,462,461,461,462,459,457,454,450,449,448,447,449,451,455,459,462,465,474,482,488
E07000069,CASTLE POINT,45,"1,927","1,928","1,935","1,936","1,937","1,942","1,949","1,947","1,943","1,938","1,928","1,923","1,915","1,917","1,909","1,902","1,897","1,898","1,910","1,917","1,923","1,929","1,939","1,941","1,949","1,954","1,964","1,972","1,980","1,984"
E07000070,CHELMSFORD,339,412,416,423,432,438,444,448,450,450,451,453,455,459,460,463,464,461,458,460,461,464,468,472,478,481,481,483,488,495,500
E07000071,COLCHESTER,329,422,421,422,422,426,430,433,439,441,446,445,452,452,452,456,464,468,465,470,471,474,475,479,484,495,504,515,529,538,550
E07000072,EPPING FOREST,339,343,338,339,340,341,340,338,335,336,337,341,345,345,347,348,350,351,351,355,356,357,359,359,359,360,361,362,364,366,368
E07000073,HARLOW,31,"2,606","2,593","2,587","2,564","2,527","2,506","2,487","2,474","2,469","2,452","2,456","2,437","2,410","2,406","2,410","2,429","2,467","2,521","2,540","2,565","2,580","2,563","2,552","2,546","2,552","2,562","2,583","2,615","2,640","2,674"
E07000074,MALDON,359,135,136,137,139,142,145,148,149,148,147,147,146,148,149,152,152,154,157,160,164,166,167,167,169,170,171,172,174,175,176
E07000075,ROCHFORD,169,435,440,444,443,447,449,450,449,447,447,446,446,446,445,446,447,449,451,457,462,464,468,469,472,476,479,485,489,490,492
E07000076,TENDRING,338,338,336,339,344,348,351,358,366,371,375,373,377,379,385,388,390,393,400,402,407,411,415,420,424,427,430,435,438,438,440
E07000077,UTTLESFORD,641,97,98,99,99,101,101,102,102,101,102,102,102,103,104,105,105,105,106,106,107,108,108,109,110,111,112,114,116,118,121
E07000078,CHELTENHAM,47,"2,204","2,209","2,222","2,238","2,240","2,266","2,274","2,276","2,274","2,278","2,295","2,289","2,284","2,292","2,297","2,309","2,319","2,309","2,329","2,347","2,360","2,350","2,335","2,344","2,366","2,379","2,405","2,417","2,443","2,472"
E07000079,COTSWOLD,"1,165",60,60,61,61,62,63,64,64,65,64,64,65,67,68,69,68,69,69,69,69,69,69,70,70,71,71,72,72,72,72
E07000080,FOREST OF DEAN,527,139,139,138,138,139,140,141,144,144,145,144,144,144,144,144,145,148,149,151,151,152,152,154,155,156,157,157,157,157,157
E07000081,GLOUCESTER,41,"2,473","2,475","2,480","2,473","2,470","2,475","2,474","2,482","2,492","2,538","2,554","2,575","2,566","2,568","2,598","2,626","2,644","2,650","2,701","2,722","2,713","2,721","2,738","2,760","2,785","2,809","2,856","2,874","2,894","2,922"
E07000082,STROUD,461,209,209,209,211,213,217,222,225,225,224,226,228,227,229,231,232,233,233,234,234,235,235,236,237,238,239,240,240,241,243
E07000083,TEWKESBURY,414,153,152,153,156,157,159,160,164,166,168,171,172,173,174,176,179,186,180,182,184,185,186,188,189,190,192,193,193,194,197
E07000084,BASINGSTOKE & DEANE,634,208,210,213,217,219,219,220,222,224,225,229,230,231,232,233,234,235,235,239,240,241,242,244,246,248,250,252,255,258,261
E07000085,EAST HAMPSHIRE,514,178,179,183,185,189,191,196,201,201,202,202,202,205,207,210,211,211,210,211,211,213,213,212,212,213,213,215,216,218,219
E07000086,EASTLEIGH,80,"1,165","1,180","1,208","1,230","1,248","1,257","1,262","1,278","1,295","1,318","1,336","1,350","1,366","1,379","1,384","1,387","1,391","1,393","1,435","1,452","1,457","1,458","1,460","1,462","1,473","1,486","1,498","1,504","1,514","1,534"
E07000087,FAREHAM,74,"1,199","1,183","1,216","1,235","1,253","1,269","1,296","1,320","1,330","1,338","1,341","1,358","1,360","1,372","1,383","1,401","1,418","1,423","1,430","1,443","1,457","1,464","1,468","1,465","1,462","1,466","1,482","1,493","1,502","1,510"
E07000088,GOSPORT,25,"3,079","3,056","3,053","3,062","3,094","3,087","3,087","3,074","3,066","3,009","3,024","3,023","3,002","2,958","2,959","3,022","3,042","3,038","3,019","3,037","3,032","3,038","3,062","3,049","3,063","3,088","3,131","3,167","3,162","3,159"
E07000089,HART,215,325,328,330,338,344,350,359,372,373,375,374,378,380,380,381,387,385,384,386,386,388,395,400,403,406,413,419,422,424,424
E07000090,HAVANT,55,"2,091","2,100","2,127","2,154","2,185","2,205","2,212","2,201","2,190","2,171","2,164","2,132","2,110","2,143","2,116","2,100","2,109","2,113","2,118","2,118","2,111","2,110","2,108","2,101","2,099","2,096","2,098","2,104","2,105","2,110"
E07000091,NEW FOREST,753,193,194,197,201,205,210,212,214,214,214,214,215,217,219,222,223,224,224,225,225,225,227,228,229,230,231,232,233,234,235
E07000092,RUSHMOOR,39,"2,229","2,228","2,208","2,246","2,274","2,222","2,191","2,182","2,182","2,171","2,201","2,236","2,193","2,211","2,231","2,227","2,225","2,284","2,318","2,289","2,328","2,290","2,279","2,246","2,255","2,273","2,297","2,332","2,333","2,356"
E07000093,TEST VALLEY,628,147,147,149,151,153,154,155,158,159,160,161,163,165,165,165,167,170,173,173,174,175,176,177,178,179,179,180,181,181,181
E07000094,WINCHESTER,661,141,140,140,140,143,144,146,147,147,147,149,150,150,152,155,157,159,162,162,162,162,163,164,164,165,166,168,170,171,173
E07000095,BROXBOURNE,51,"1,552","1,552","1,545","1,568","1,582","1,590","1,594","1,585","1,587","1,582","1,589","1,599","1,601","1,603","1,602","1,597","1,596","1,615","1,648","1,674","1,695","1,700","1,698","1,692","1,706","1,719","1,734","1,743","1,753","1,762"
E07000096,DACORUM,212,616,618,623,625,627,625,625,627,626,621,627,630,629,630,631,632,638,644,645,646,649,649,649,648,648,648,652,658,667,672
E07000097,EAST HERTFORDSHIRE,476,231,233,238,240,243,245,246,244,244,247,247,248,250,255,257,259,264,266,267,269,271,273,274,275,276,279,282,285,288,291
E07000098,HERTSMERE,101,891,891,890,891,887,887,887,891,892,883,890,896,903,913,914,908,911,922,925,930,934,931,931,924,928,940,952,968,978,988
E07000099,NORTH HERTFORDSHIRE,375,289,291,293,296,297,297,297,298,299,298,299,301,300,302,303,303,304,307,307,309,312,314,317,319,321,323,326,330,332,335
E07000100,ST ALBANS,161,777,777,782,788,794,792,789,787,784,790,783,782,784,788,790,791,790,788,795,799,801,807,809,808,810,816,826,839,851,861
E07000101,STEVENAGE,26,"2,875","2,889","2,916","2,905","2,902","2,876","2,858","2,858","2,877","2,900","2,915","2,902","2,903","2,908","2,914","2,938","2,987","2,998","3,024","3,052","3,073","3,078","3,076","3,056","3,058","3,055","3,068","3,100","3,121","3,149"
E07000102,THREE RIVERS,89,913,904,900,900,901,894,885,877,873,868,889,907,910,907,908,906,912,909,932,935,933,940,946,947,952,957,968,981,993,"1,001"
E07000103,WATFORD,21,"3,482","3,493","3,533","3,533","3,550","3,534","3,524","3,473","3,491","3,494","3,498","3,520","3,493","3,513","3,554","3,626","3,687","3,743","3,733","3,745","3,753","3,707","3,698","3,690","3,701","3,713","3,749","3,852","3,910","4,014"
E07000104,WELWYN HATFIELD,130,727,726,729,730,731,727,731,730,721,721,724,727,729,727,733,738,737,739,747,751,753,763,777,793,819,840,852,862,871,883
E07000105,ASHFORD,581,150,150,150,152,154,156,158,159,159,160,160,160,160,161,164,166,168,169,172,175,177,180,182,184,188,190,193,195,196,199
E07000106,CANTERBURY,309,396,398,399,407,410,410,414,421,419,419,419,417,420,422,423,425,429,429,433,437,438,444,452,459,464,469,475,479,483,496
E07000107,DARTFORD,73,"1,117","1,115","1,106","1,103","1,103","1,096","1,098","1,090","1,092","1,094","1,101","1,113","1,123","1,133","1,136","1,140","1,150","1,163","1,169","1,175","1,181","1,186","1,192","1,207","1,228","1,246","1,256","1,276","1,286","1,299"
E07000108,DOVER,315,329,326,325,325,322,325,326,331,332,330,332,332,331,332,331,329,328,329,330,332,332,333,334,337,337,335,336,337,337,340
E07000109,GRAVESHAM,99,965,964,965,967,962,961,952,943,932,933,942,944,943,945,944,939,942,948,955,961,967,963,965,967,976,986,989,995,998,"1,005"
E07000110,MAIDSTONE,393,332,332,333,335,336,339,341,345,348,347,348,349,349,348,349,352,352,351,351,352,354,357,359,361,363,367,370,373,377,381
E07000111,SEVENOAKS,369,297,298,298,299,298,299,299,300,298,297,296,295,295,295,294,295,296,296,297,297,296,295,296,298,301,304,305,305,307,309
E07000112,SHEPWAY,357,241,243,245,249,251,253,252,251,255,256,261,262,262,264,263,266,266,266,269,270,270,270,272,274,278,277,279,280,281,284
E07000113,SWALE,373,295,295,295,295,296,296,300,307,311,312,311,311,312,313,315,314,317,318,322,326,330,333,336,338,340,342,346,350,353,357
E07000114,THANET,103,"1,179","1,184","1,166","1,148","1,167","1,173","1,198","1,220","1,230","1,229","1,220","1,214","1,207","1,204","1,203","1,205","1,214","1,215","1,224","1,224","1,227","1,235","1,239","1,244","1,247","1,247","1,252","1,260","1,267","1,279"
E07000115,TONBRIDGE & MALLING,240,407,411,415,417,417,418,422,426,423,428,425,424,423,426,431,434,436,438,443,445,449,452,456,460,465,471,478,483,489,495
E07000116,TUNBRIDGE WELLS,331,298,297,299,300,300,300,302,303,304,303,306,306,306,308,310,308,307,309,311,313,314,313,313,313,314,315,318,322,325,326
E07000117,BURNLEY,111,838,831,815,797,779,771,751,752,799,827,831,834,826,818,812,818,822,825,816,811,809,801,795,790,786,784,779,777,773,771
E07000118,CHORLEY,203,454,456,457,461,466,472,474,477,477,480,478,479,480,479,480,479,483,486,487,493,496,499,503,507,509,510,512,516,517,520
E07000119,FYLDE,166,417,412,415,424,434,432,428,430,428,432,435,436,439,440,441,441,438,441,439,442,443,446,450,454,458,458,462,460,461,463
E07000120,HYNDBURN,73,"1,089","1,086","1,080","1,086","1,087","1,096","1,091","1,080","1,084","1,085","1,077","1,080","1,084","1,094","1,105","1,105","1,105","1,108","1,107","1,111","1,116","1,115","1,118","1,118","1,119","1,119","1,117","1,112","1,111","1,111"
E07000121,LANCASTER,576,217,219,219,219,220,222,222,223,221,223,225,226,230,232,233,234,233,232,234,232,233,233,236,239,243,243,243,242,243,245
E07000122,PENDLE,169,510,508,503,502,501,499,498,497,502,504,505,508,513,515,516,515,515,516,519,522,527,525,525,524,525,526,526,526,527,527
E07000123,PRESTON,142,888,890,883,882,881,887,900,910,914,917,914,911,914,920,927,929,931,926,925,922,916,920,931,943,955,961,962,951,946,949
E07000124,RIBBLE VALLEY,583,92,93,91,91,91,92,92,91,91,90,89,88,88,88,88,89,89,89,91,92,93,94,95,97,98,98,99,99,99,99
E07000125,ROSSENDALE,138,471,471,466,466,467,468,471,473,479,481,477,477,477,476,476,474,473,473,473,473,476,475,476,475,477,478,481,483,486,488
E07000126,SOUTH RIBBLE,113,857,856,856,863,867,858,870,884,896,907,908,905,911,911,906,904,906,908,913,918,920,925,931,935,937,942,946,951,958,959
E07000127,WEST LANCASHIRE,347,310,313,313,313,315,315,316,313,313,314,314,315,314,314,314,312,311,315,311,312,313,314,316,317,318,319,319,318,318,318
E07000128,WYRE,283,352,349,347,348,348,352,359,361,363,364,363,363,364,364,365,364,366,367,366,371,374,378,382,386,388,391,392,392,393,394
E07000129,BLABY,130,592,590,593,600,608,614,623,628,626,633,636,644,650,654,654,659,664,669,677,685,693,700,703,705,706,709,712,716,718,721
E07000130,CHARNWOOD,279,502,502,502,503,506,508,513,517,517,520,525,532,539,540,543,547,546,542,548,548,550,552,555,560,566,572,578,585,591,598
E07000131,HARBOROUGH,592,104,104,105,105,105,106,108,111,112,114,115,116,117,118,120,122,123,124,125,127,130,132,134,135,136,137,139,140,141,142
E07000132,HINCKLEY & BOSWORTH,297,296,299,302,306,310,312,312,317,320,323,325,329,329,329,330,331,333,332,336,335,337,338,341,343,345,347,349,351,352,353
E07000133,MELTON,481,90,91,91,89,89,89,89,90,91,93,94,95,96,96,96,96,96,95,98,99,99,100,100,101,101,101,101,101,101,103
E07000134,NORTH WEST LEICESTERSHIRE,279,283,283,283,282,281,282,285,284,287,289,290,293,294,295,297,298,299,299,302,304,307,310,313,316,318,320,322,324,324,325
E07000135,OADBY & WIGSTON,24,"2,256","2,258","2,264","2,249","2,237","2,224","2,215","2,207","2,208","2,226","2,248","2,277","2,285","2,278","2,292","2,313","2,322","2,297","2,347","2,365","2,372","2,391","2,419","2,441","2,448","2,470","2,478","2,486","2,489","2,489"
E07000136,BOSTON,362,145,146,145,144,145,145,145,146,147,147,148,149,150,150,150,150,151,152,152,153,154,156,158,162,163,163,164,163,163,163
E07000137,EAST LINDSEY,"1,760",60,60,60,61,61,62,64,66,66,66,67,68,69,69,70,70,71,71,72,73,74,75,76,77,78,79,80,80,80,80
E07000138,LINCOLN,36,"2,144","2,152","2,171","2,181","2,212","2,240","2,263","2,291","2,314","2,322","2,354","2,385","2,389","2,370","2,368","2,354","2,354","2,351","2,372","2,383","2,398","2,396","2,411","2,443","2,460","2,470","2,472","2,467","2,480","2,513"
E07000139,NORTH KESTEVEN,922,87,86,86,86,85,86,86,86,86,87,87,87,88,89,92,94,94,95,98,100,102,105,107,108,110,111,113,114,115,115
E07000140,SOUTH HOLLAND,742,84,84,84,85,85,86,87,88,89,90,91,92,93,95,96,96,97,99,100,102,103,105,107,109,110,111,112,113,113,114
E07000141,SOUTH KESTEVEN,943,104,105,105,106,107,109,111,113,113,115,116,118,119,122,125,127,129,131,131,132,132,133,134,135,136,137,138,138,139,140
E07000142,WEST LINDSEY,"1,156",67,66,66,66,66,67,67,66,66,66,66,67,67,67,67,67,67,67,68,68,69,70,71,72,73,74,76,76,77,77
E07000143,BRECKLAND,"1,305",74,75,76,77,78,79,80,81,81,81,83,84,85,85,85,86,88,89,91,92,93,94,95,95,97,97,98,99,100,100
E07000144,BROADLAND,552,178,178,178,179,180,181,184,187,189,191,193,193,194,197,201,203,206,209,211,213,215,216,218,219,220,221,222,222,223,224
E07000145,GREAT YARMOUTH,174,468,470,471,474,480,487,493,503,508,506,509,510,510,509,510,513,512,513,517,520,523,526,532,537,541,545,549,551,553,559
E07000146,KINGS LYNN & WEST NORFOLK,"1,429",85,85,86,87,88,89,91,92,92,91,92,92,92,92,92,92,92,94,94,94,95,96,97,98,98,99,99,100,100,101
E07000147,NORTH NORFOLK,964,86,86,87,88,88,91,92,94,94,94,95,96,96,97,98,99,100,101,101,102,102,103,104,104,104,105,105,105,105,105
E07000148,NORWICH,39,"3,231","3,254","3,271","3,231","3,218","3,221","3,164","3,154","3,179","3,198","3,203","3,213","3,220","3,212","3,186","3,173","3,149","3,119","3,106","3,116","3,136","3,145","3,166","3,196","3,245","3,310","3,398","3,517","3,591","3,677"
E07000149,SOUTH NORFOLK,908,105,106,107,108,109,110,111,111,112,112,114,114,114,114,115,116,117,118,120,121,122,124,125,126,127,127,128,130,132,134
E07000150,CORBY,80,655,651,646,642,640,642,638,650,660,661,663,662,660,663,660,661,658,659,660,663,665,663,661,661,667,667,673,679,687,695
E07000151,DAVENTRY,663,88,88,88,88,89,91,92,93,95,95,95,95,96,97,98,99,101,103,104,106,109,111,113,114,115,116,117,118,119,119
E07000152,EAST NORTHAMPTONSHIRE,510,122,122,122,122,123,126,128,130,132,133,134,135,135,136,137,137,139,142,145,148,151,153,156,158,160,162,165,166,167,167
E07000153,KETTERING,233,306,307,306,307,309,314,316,320,322,326,328,332,333,335,337,340,341,345,346,349,352,356,361,365,368,372,378,383,386,388
E07000154,NORTHAMPTON,81,"1,967","2,004","2,026","2,045","2,091","2,120","2,174","2,231","2,250","2,260","2,279","2,296","2,312","2,317","2,345","2,380","2,402","2,422","2,423","2,412","2,406","2,414","2,420","2,422","2,446","2,494","2,542","2,585","2,607","2,627"
E07000155,SOUTH NORTHAMPTONSHIRE,634,102,103,104,105,107,108,108,108,108,110,112,113,113,114,115,117,120,120,122,124,125,128,130,133,136,137,139,139,140,140
E07000156,WELLINGBOROUGH,163,397,397,395,393,396,400,405,408,413,415,419,422,422,423,425,425,427,427,435,441,445,449,449,452,457,459,461,464,464,465
E07000157,ALNWICK,"1,080",27,27,27,27,27,27,27,27,27,28,28,28,28,28,28,28,29,29,29,29,29,29,29,29,30,30,30,30,30,30
E07000158,BERWICK-UPON-TWEED,972,27,27,27,27,27,28,28,28,28,28,28,28,27,27,27,27,27,27,27,27,27,27,27,27,27,27,27,27,27,27
E07000159,BLYTH VALLEY,70,"1,103","1,105","1,111","1,112","1,110","1,115","1,115","1,121","1,136","1,140","1,137","1,142","1,145","1,148","1,145","1,140","1,143","1,152","1,145","1,153","1,156","1,159","1,157","1,152","1,153","1,148","1,151","1,150","1,151","1,152"
E07000160,CASTLE MORPETH,618,81,81,80,81,82,82,81,81,81,81,81,81,80,80,79,79,80,79,80,80,79,80,80,80,80,80,81,81,81,82
E07000161,TYNEDALE,"2,206",25,25,25,25,25,25,25,25,26,26,26,26,26,26,26,26,26,26,27,27,27,27,27,27,27,27,27,27,27,27
E07000162,WANSBECK,67,938,935,934,926,918,911,899,891,891,904,917,925,923,926,926,926,926,923,921,917,916,914,917,919,921,922,924,927,928,931
E07000163,CRAVEN,"1,177",41,41,41,41,40,41,41,41,42,43,43,43,43,43,43,44,44,45,45,45,46,46,46,46,46,47,47,47,47,47
E07000164,HAMBLETON,"1,311",57,57,58,58,58,58,58,59,60,60,60,62,62,62,63,63,63,63,64,64,64,65,65,65,65,66,66,66,67,67
E07000165,HARROGATE,"1,308",104,104,104,105,106,106,107,107,107,107,107,108,108,109,110,111,112,112,113,115,116,116,117,117,118,118,118,119,121,121
E07000166,RICHMONDSHIRE,"1,319",33,33,33,34,34,34,34,35,34,35,34,34,33,33,33,33,33,34,34,35,36,37,37,37,37,38,38,39,40,40
E07000167,RYEDALE,"1,507",29,29,29,29,29,29,29,29,29,30,31,31,31,32,32,33,33,33,33,33,34,34,34,35,35,35,35,35,36,36
E07000168,SCARBOROUGH,817,125,125,125,126,127,128,129,130,131,132,133,133,132,132,132,131,131,130,131,130,130,131,132,132,132,132,133,133,133,133
E07000169,SELBY,599,104,105,106,107,109,111,113,115,118,119,120,122,121,122,124,124,123,124,125,126,128,129,129,130,131,132,134,136,137,138
E07000170,ASHFIELD,110,974,965,964,966,971,967,969,974,989,993,994,997,999,"1,001",996,993,993,992,"1,001","1,005","1,018","1,025","1,030","1,038","1,046","1,049","1,052","1,056","1,063","1,068"
E07000171,BASSETLAW,638,161,161,162,163,163,164,164,164,165,164,164,164,165,164,166,166,165,165,167,168,169,170,171,173,173,173,174,174,175,175
E07000172,BROXTOWE,80,"1,302","1,296","1,290","1,290","1,302","1,305","1,310","1,325","1,344","1,347","1,351","1,358","1,370","1,387","1,384","1,375","1,360","1,351","1,352","1,345","1,342","1,350","1,353","1,361","1,367","1,371","1,375","1,384","1,392","1,396"
E07000173,GEDLING,120,902,900,905,917,926,924,920,919,924,920,921,928,932,930,929,938,930,934,933,929,932,934,932,934,935,932,933,936,940,943
E07000174,MANSFIELD,77,"1,303","1,294","1,300","1,306","1,318","1,314","1,311","1,310","1,322","1,318","1,316","1,321","1,323","1,322","1,316","1,313","1,302","1,289","1,296","1,289","1,278","1,280","1,287","1,287","1,291","1,293","1,294","1,300","1,299","1,299"
E07000175,NEWARK & SHERWOOD,651,155,154,154,156,157,158,158,159,159,158,158,159,159,159,159,160,160,161,162,162,163,164,166,169,170,171,172,173,173,174
E07000176,RUSHCLIFFE,409,227,225,225,227,229,231,233,234,237,238,241,243,245,248,248,248,250,253,254,256,258,261,262,264,265,267,269,271,273,276
E07000177,CHERWELL,589,185,189,191,196,201,204,206,205,206,215,211,215,208,211,217,217,217,218,221,225,224,226,229,231,233,234,234,236,236,239
E07000178,OXFORD,46,"2,859","2,857","2,845","2,791","2,799","2,813","2,791","2,777","2,784","2,807","2,827","2,825","2,807","2,800","2,819","2,853","2,922","2,951","2,994","2,996","2,972","3,000","3,063","3,091","3,159","3,159","3,184","3,213","3,275","3,370"
E07000179,SOUTH OXFORDSHIRE,679,173,173,175,177,178,178,177,176,175,175,177,179,179,179,181,183,185,187,188,188,189,190,189,190,190,190,191,192,192,193
E07000180,VALE OF WHITE HORSE,578,179,180,181,183,186,189,190,191,190,191,194,193,195,195,195,194,194,194,197,199,200,201,202,203,204,205,205,205,206,207
E07000181,WEST OXFORDSHIRE,714,114,115,116,118,122,126,128,130,126,126,127,129,129,131,132,132,133,132,134,134,134,135,136,138,139,140,142,143,143,145
E07000182,BRIDGNORTH,633,80,79,80,81,82,83,83,82,82,82,80,79,79,81,81,82,79,82,82,82,83,82,83,83,81,81,81,82,83,83
E07000183,NORTH SHROPSHIRE,679,75,75,73,74,74,76,77,79,79,78,79,79,79,80,80,80,80,81,82,83,84,85,85,86,86,87,88,89,89,90
E07000184,OSWESTRY,256,123,123,124,123,123,123,124,127,130,132,134,134,134,135,137,138,138,139,141,144,146,147,148,150,151,153,156,157,157,158
E07000185,SHREWSBURY & ATCHAM,602,146,146,148,149,151,153,153,153,153,153,153,153,154,155,157,158,158,157,158,159,159,159,158,158,158,158,159,159,160,160
E07000186,SOUTH SHROPSHIRE,"1,027",33,33,34,34,35,35,35,36,36,36,37,38,38,38,38,39,39,39,39,40,39,40,40,41,41,41,41,42,42,42
E07000187,MENDIP,739,121,122,125,126,128,128,128,129,130,131,132,133,133,133,134,134,136,136,138,139,141,142,142,143,144,145,146,147,147,147
E07000188,SEDGEMOOR,564,159,160,161,162,165,167,168,170,172,173,175,176,177,179,178,180,182,184,185,186,188,190,191,193,195,196,198,199,199,200
E07000189,SOUTH SOMERSET,959,139,139,141,143,145,145,146,148,148,149,149,150,151,153,154,154,155,156,157,157,158,158,160,161,163,164,165,166,165,165
E07000190,TAUNTON DEANE,462,191,191,191,193,196,197,200,202,203,206,206,210,210,211,212,212,213,214,215,217,222,225,227,229,231,232,234,235,235,237
E07000191,WEST SOMERSET,725,41,40,40,41,42,42,42,42,43,43,44,44,44,45,46,46,46,47,48,48,48,49,49,49,49,49,49,49,49,49
E07000192,CANNOCK CHASE,79,"1,080","1,085","1,081","1,077","1,071","1,071","1,088","1,101","1,113","1,124","1,133","1,138","1,143","1,144","1,143","1,145","1,149","1,157","1,162","1,164","1,168","1,175","1,183","1,186","1,191","1,190","1,191","1,195","1,199","1,200"
E07000193,EAST STAFFORDSHIRE,387,249,247,246,245,243,243,245,248,251,252,253,252,253,254,258,257,261,265,264,266,269,271,273,274,276,276,278,280,281,283
E07000194,LICHFIELD,331,269,269,270,271,273,275,279,281,278,280,281,283,283,281,280,279,282,282,282,282,281,282,284,287,289,292,294,296,297,298
E07000195,NEWCASTLE-UNDER-LYME,211,572,569,566,564,565,563,564,563,567,570,573,576,577,578,577,573,577,577,579,579,578,580,584,587,589,589,590,589,589,590
E07000196,SOUTH STAFFORDSHIRE,407,236,237,240,244,247,250,253,256,257,256,257,257,257,257,258,257,258,257,258,259,260,260,260,260,260,260,261,261,261,262
E07000197,STAFFORD,598,196,195,194,195,196,196,196,196,198,198,200,200,201,202,203,204,206,205,203,202,202,202,204,204,206,206,208,209,210,211
E07000198,STAFFORDSHIRE MOORLANDS,576,166,166,166,166,166,166,167,168,169,167,166,166,165,164,163,162,162,162,162,163,164,164,164,164,165,165,165,166,166,166
E07000199,TAMWORTH,31,"2,115","2,141","2,157","2,166","2,163","2,167","2,197","2,217","2,255","2,273","2,286","2,295","2,313","2,323","2,337","2,342","2,369","2,395","2,399","2,402","2,418","2,415","2,416","2,412","2,422","2,427","2,434","2,441","2,454","2,464"
E07000200,BABERGH,594,125,126,128,129,130,132,133,135,135,134,135,135,135,134,134,135,136,137,138,140,141,141,143,144,144,145,145,145,144,144
E07000201,FOREST HEATH,378,139,140,142,143,150,143,144,145,148,151,153,155,157,160,167,168,171,165,165,165,149,150,152,153,158,157,159,161,165,170
E07000202,IPSWICH,39,"3,047","3,056","3,062","3,034","3,039","3,052","3,017","2,987","2,969","2,983","3,003","2,941","2,920","2,908","2,917","2,913","2,904","2,938","2,950","2,957","2,972","2,977","2,997","3,032","3,085","3,103","3,123","3,181","3,211","3,254"
E07000203,MID SUFFOLK,871,81,82,83,84,85,86,87,88,89,89,91,91,90,91,92,93,95,95,98,99,100,100,101,102,104,105,107,108,108,109
E07000204,ST EDMUNDSBURY,657,133,135,135,136,137,139,139,139,138,139,141,141,141,141,142,142,143,148,147,149,150,150,151,153,153,154,155,157,157,159
E07000205,SUFFOLK COASTAL,891,109,110,112,114,116,118,121,123,124,124,127,123,121,123,126,128,130,129,129,130,129,130,131,133,135,136,138,139,139,139
E07000206,WAVENEY,370,270,273,274,276,279,282,286,287,289,290,292,293,291,292,292,293,293,295,298,301,304,306,309,313,316,316,318,318,318,317
E07000207,ELMBRIDGE,95,"1,182","1,179","1,180","1,193","1,197","1,194","1,175","1,176","1,187","1,194","1,197","1,188","1,202","1,215","1,229","1,240","1,257","1,260","1,284","1,289","1,291","1,301","1,313","1,320","1,336","1,349","1,360","1,363","1,373","1,388"
E07000208,EPSOM & EWELL,34,"2,035","2,032","1,991","1,960","1,962","1,962","1,948","1,965","1,987","1,983","1,977","1,984","1,976","1,970","1,962","1,951","1,952","1,956","1,975","1,973","1,969","1,981","1,981","1,995","2,015","2,035","2,072","2,107","2,135","2,180"
E07000209,GUILDFORD,271,461,459,463,468,467,467,461,461,461,464,465,467,463,463,459,458,465,465,474,476,479,479,480,478,481,487,490,495,501,506
E07000210,MOLE VALLEY,258,300,300,300,303,303,306,304,303,304,305,307,306,305,306,307,307,308,305,311,310,311,311,314,314,315,316,319,323,325,328
E07000211,REIGATE & BANSTEAD,129,906,905,907,912,910,907,892,892,905,911,916,919,924,923,929,936,948,950,968,972,981,977,980,985,989,998,"1,015","1,033","1,054","1,074"
E07000212,RUNNYMEDE,78,932,929,929,923,921,922,918,927,920,942,951,953,954,955,963,969,969,981,988,996,"1,000","1,002","1,008","1,008","1,016","1,021","1,042","1,054","1,075","1,101"
E07000213,SPELTHORNE,45,"2,027","2,017","2,005","2,007","1,998","1,975","1,940","1,919","1,917","1,915","1,968","1,983","1,986","1,990","1,988","1,988","1,990","1,987","2,018","2,016","2,013","2,009","2,005","2,001","2,008","2,018","2,031","2,043","2,061","2,081"
E07000214,SURREY HEATH,95,799,790,784,795,800,804,809,831,826,826,837,840,840,842,838,836,841,839,856,848,845,844,848,852,856,865,873,873,882,889
E07000215,TANDRIDGE,248,306,306,304,302,302,302,300,301,301,301,302,302,304,305,305,306,310,312,316,318,320,317,318,318,319,320,324,328,331,335
E07000216,WAVERLEY,345,325,326,329,331,331,332,329,327,327,330,334,331,331,331,332,329,332,333,335,334,335,336,337,337,337,338,341,343,346,348
E07000217,WOKING,64,"1,289","1,303","1,320","1,340","1,357","1,363","1,362","1,355","1,349","1,354","1,362","1,365","1,369","1,376","1,389","1,387","1,390","1,389","1,409","1,407","1,414","1,401","1,400","1,392","1,405","1,418","1,432","1,440","1,452","1,470"
E07000218,NORTH WARWICKSHIRE,284,211,211,211,212,212,211,210,209,210,213,215,215,217,215,216,215,216,217,217,218,217,217,217,217,218,218,217,217,218,218
E07000219,NUNEATON & BEDWORTH,79,"1,442","1,442","1,442","1,432","1,431","1,441","1,462","1,483","1,494","1,491","1,488","1,490","1,493","1,503","1,501","1,493","1,493","1,497","1,500","1,500","1,510","1,512","1,521","1,520","1,522","1,525","1,531","1,542","1,545","1,547"
E07000220,RUGBY,351,249,248,246,245,243,241,241,244,243,242,242,244,243,243,244,244,243,244,245,246,249,252,252,254,257,259,261,264,266,268
E07000221,STRATFORD-ON-AVON,978,103,103,104,105,106,108,109,108,107,107,108,109,110,110,111,111,112,113,113,113,114,115,116,116,117,119,121,121,122,122
E07000222,WARWICK,283,408,409,411,412,417,419,422,418,415,414,418,418,418,421,424,430,432,433,435,438,446,454,462,469,476,479,484,489,491,491
E07000223,ADUR,42,"1,402","1,397","1,398","1,395","1,400","1,409","1,400","1,388","1,389","1,403","1,401","1,383","1,376","1,380","1,393","1,404","1,402","1,397","1,408","1,420","1,428","1,437","1,437","1,437","1,436","1,448","1,456","1,459","1,467","1,474"
E07000224,ARUN,221,537,545,557,567,576,578,584,593,596,590,591,593,597,599,606,612,621,620,632,636,639,647,653,663,668,672,677,678,679,682
E07000225,CHICHESTER,786,126,126,126,125,127,129,129,130,129,129,129,129,129,129,130,130,132,134,135,135,135,136,137,138,139,140,141,142,143,144
E07000226,CRAWLEY,45,"1,826","1,835","1,857","1,879","1,894","1,898","1,918","1,924","1,935","1,948","1,963","1,970","1,993","2,016","2,063","2,097","2,149","2,187","2,209","2,223","2,233","2,215","2,207","2,215","2,235","2,253","2,272","2,313","2,342","2,392"
E07000227,HORSHAM,530,189,193,195,196,197,200,202,204,205,207,207,207,209,213,216,220,224,224,228,229,231,231,233,236,238,240,243,244,245,247
E07000228,MID SUSSEX,334,351,359,363,363,364,368,370,370,370,370,371,373,373,374,377,375,375,381,381,380,381,381,381,382,383,386,389,392,394,397
E07000229,WORTHING,32,"2,847","2,853","2,868","2,889","2,900","2,932","2,970","2,992","3,002","2,997","2,992","2,977","2,952","2,936","2,958","2,969","2,967","2,958","3,000","3,009","3,006","3,022","3,034","3,052","3,068","3,090","3,125","3,143","3,153","3,176"
E07000230,KENNET,967,70,70,70,71,71,71,71,71,71,72,74,74,74,75,75,75,77,78,77,76,78,77,78,79,79,80,81,81,82,83
E07000231,NORTH WILTSHIRE,768,137,137,138,139,140,140,141,145,145,145,147,150,152,154,158,158,159,160,162,163,163,164,166,166,168,169,171,172,173,175
E07000232,SALISBURY,"1,004",102,103,103,103,103,105,103,103,103,104,106,107,109,109,109,111,111,112,113,113,114,115,115,115,115,115,115,116,116,117
E07000233,WEST WILTSHIRE,517,194,195,198,199,200,199,206,207,207,208,209,212,214,214,215,214,214,215,219,224,229,233,236,239,241,241,243,245,246,247
E07000234,BROMSGROVE,217,367,368,369,372,377,377,383,381,379,379,384,386,389,394,395,396,399,399,400,401,405,410,415,418,420,423,426,428,430,431
E07000235,MALVERN HILLS,577,118,118,118,118,118,120,121,122,122,122,121,121,122,123,124,123,125,125,125,125,125,126,126,127,127,128,129,130,130,131
E07000236,REDDITCH,54,"1,247","1,270","1,300","1,305","1,352","1,379","1,411","1,429","1,441","1,454","1,452","1,447","1,450","1,450","1,443","1,434","1,432","1,434","1,443","1,449","1,452","1,450","1,450","1,447","1,447","1,449","1,449","1,453","1,451","1,450"
E07000237,WORCESTER,33,"2,318","2,314","2,316","2,320","2,319","2,330","2,387","2,425","2,451","2,464","2,502","2,540","2,582","2,630","2,670","2,698","2,726","2,778","2,779","2,797","2,806","2,799","2,802","2,791","2,798","2,797","2,806","2,822","2,846","2,848"
E07000238,WYCHAVON,664,142,142,142,144,146,147,149,151,152,152,154,156,157,157,158,161,164,165,167,169,170,171,172,173,174,175,176,176,176,176
E07000239,WYRE FOREST,195,469,470,471,475,476,474,478,481,487,486,487,494,495,498,497,496,496,496,496,496,496,497,499,499,500,501,502,503,502,502
